,Date,Real_Result,Predict_Result
0,2019-01-02,0.0559951631813521,0.006306519409058835
1,2019-01-03,0.025553528124679,0.011335965846976055
2,2019-01-04,0.018264965544831,0.0019290688802951095
3,2019-01-07,0.0031851958312779,0.0012343885446338462
4,2019-01-08,0.0098028596187175,-0.004559189296159972
5,2019-01-09,0.0074943003265758,-0.005304457478232346
6,2019-01-10,0.0152912266105859,-0.0073192032828970615
7,2019-01-11,0.0341127773841191,-0.011548046305029204
8,2019-01-14,0.0086580086580086,-0.005094686216681296
9,2019-01-15,0.0086388135010129,-0.010648323956043598
10,2019-01-16,0.0024165768828054,-0.02002526856105286
11,2019-01-17,-0.0022278719890964,-0.019773498276829168
12,2019-01-18,0.0041589122260624,-0.020847650176519062
13,2019-01-22,0.0004926668435214,-0.014736679284516004
14,2019-01-23,0.0146537336366011,-0.007873621308700491
15,2019-01-24,0.0147630555847429,-0.009955083469058488
16,2019-01-25,0.0237078502940788,-0.014842793087155961
17,2019-01-28,0.0321477272727272,-0.010827101305289633
18,2019-01-29,0.0211297812424235,-0.01251017322599614
19,2019-01-30,0.0101734403313487,-0.014932260742670471
20,2019-01-31,-0.0001773488562846,-0.012677564151555562
21,2019-02-01,-0.0062351598424878,-0.02028996976420711
22,2019-02-04,-0.0101910362713225,-0.019176388402920193
23,2019-02-05,0.0048030282507385,-0.02243318695461612
24,2019-02-06,0.0173610982797804,-0.019435179496594204
25,2019-02-07,0.0139777242713856,-0.017672630799676268
26,2019-02-08,0.0242822348512804,-0.016778234904566994
27,2019-02-11,0.0127626396767624,-0.016132451366727744
28,2019-02-12,0.0115036886630365,-0.017338113063160805
29,2019-02-13,0.0106164845050314,-0.019928520472811687
30,2019-02-14,0.0061500216169477,-0.02012626223881737
31,2019-02-15,0.0058818027455607,-0.018387293686047114
32,2019-02-19,0.0033037670126046,-0.01796113048945252
33,2019-02-20,0.006306579023237,-0.01811292665689758
34,2019-02-21,-0.0029290965276958,-0.017576045081811632
35,2019-02-22,0.0027109090844065,-0.018964189513084477
36,2019-02-25,-0.0003901356526719,-0.019764296092026578
37,2019-02-26,-0.0009776606335813,-0.01940500743390389
38,2019-02-27,-0.0046830837963145,-0.019993840691698996
39,2019-02-28,-0.0195314032578495,-0.01888728719544577
40,2019-03-01,-0.0178100192995584,-0.01909576575138358
41,2019-03-04,-0.0022762712168192,-0.017681078317699446
42,2019-03-05,0.0072416965848202,-0.018388300543108863
43,2019-03-06,0.0225505924123205,-0.01909007735268278
44,2019-03-07,0.02384554531966,-0.02083457613911569
45,2019-03-08,0.014076815291201,-0.018643821187373344
46,2019-03-11,0.0148377944632315,-0.01853131988477096
47,2019-03-12,0.0077021046490117,-0.02040413016484401
48,2019-03-13,0.0056080157238078,-0.0210298762946535
49,2019-03-14,0.0114792664607012,-0.020508771293997783
50,2019-03-15,-0.0113768734953793,-0.015542412562444964
51,2019-03-18,-0.0120773714330096,-0.021697023290009814
52,2019-03-19,-0.0020430347386721,-0.021274346508447083
53,2019-03-20,-0.0173422350501598,-0.020375387958605953
54,2019-03-21,0.0052593806570476,-0.019370432297196028
55,2019-03-22,0.0128789719692962,-0.022923112072380875
56,2019-03-25,0.0172895836733535,-0.02059378282668496
57,2019-03-26,0.0220541318970402,-0.018482268325098333
58,2019-03-27,0.0205864802659619,-0.017766288995342078
59,2019-03-28,0.0158728478690374,-0.01387437253733588
60,2019-03-29,0.008911163892173,-0.015873715522167427
61,2019-04-01,0.0099503355142925,-0.016054723860644226
62,2019-04-02,0.0016704948841093,-0.013368322579220602
63,2019-04-03,0.0030631487919316,-0.016575710500632834
64,2019-04-04,-0.0015279631076417,-0.013684205477406992
65,2019-04-05,0.0040196562572303,-0.013853496909194756
66,2019-04-08,0.0095128900006949,-0.012500266556597181
67,2019-04-09,0.0065265337354277,-0.012875341750941457
68,2019-04-10,0.004199673166408,-0.012074137323770948
69,2019-04-11,-0.0008185979961545,-0.011629940933969896
70,2019-04-12,0.0008225552213327,-0.01494238825965943
71,2019-04-15,0.0091570177430118,-0.011702739903192932
72,2019-04-16,0.0092399455256943,-0.014763990195606671
73,2019-04-17,0.0072770332836493,-0.012699033027576703
74,2019-04-18,0.0109732906460521,-0.013556662077846131
75,2019-04-22,0.003187123339969,-0.011476596305354496
76,2019-04-23,0.0063472542488683,-0.01449342173374481
77,2019-04-24,-0.000833854492391,-0.014945531247959184
78,2019-04-25,-0.007605752615753,-0.015302408782182926
79,2019-04-26,0.0008868411127306,-0.011894424139466139
80,2019-04-29,-0.0045352243680049,-0.010959958363671253
81,2019-04-30,-0.013571704637569,-0.014320993386676535
82,2019-05-01,-0.0130590364419095,-0.01397505148642952
83,2019-05-02,-0.0254342010564767,-0.013784925660089964
84,2019-05-03,-0.0174153529277365,-0.013236629294206204
85,2019-05-06,-0.025027305351849,-0.012039216553813258
86,2019-05-07,-0.0156316202568573,-0.016147569008144822
87,2019-05-08,-0.0068832906030542,-0.015352600919614195
88,2019-05-09,-0.0017630318595127,-0.015779776443755066
89,2019-05-10,0.0169495744824619,-0.013457078026241614
90,2019-05-13,0.0020533373788549,-0.010338848942235928
91,2019-05-14,0.0047001711704128,-0.011815955529161858
92,2019-05-15,-0.006970712577182,-0.01001288234584262
93,2019-05-16,-0.0130406045748778,-0.012419704594621325
94,2019-05-17,-0.0049890325783475,-0.014906575625738213
95,2019-05-20,-0.0216348503679705,-0.01459650943323001
96,2019-05-21,-0.0256453346497354,-0.015150344769950284
97,2019-05-22,-0.0118274845512782,-0.01416478216545098
98,2019-05-23,-0.0261848651479444,-0.013463885889710658
99,2019-05-24,-0.020675209374855,-0.014268398752847376
100,2019-05-28,0.0072762682266027,-0.014658571346440526
101,2019-05-29,0.0133710548396118,-0.016838011908291813
102,2019-05-30,0.033222386139837,-0.013834337911904294
103,2019-05-31,0.0469638725427682,-0.015314089815264333
104,2019-06-03,0.0297723729786998,-0.010166981077517533
105,2019-06-04,0.0210781451798381,-0.01918307047464388
106,2019-06-05,0.012783586367457,-0.019887642493711014
107,2019-06-06,0.0063688947357429,-0.01922378312986841
108,2019-06-07,8.6603180761623e-05,-0.01711283161196668
109,2019-06-10,0.001368809170675,-0.015176658505546203
110,2019-06-11,0.013163925773654,-0.016658055974158297
111,2019-06-12,0.0120416096056217,-0.015029993366420004
112,2019-06-13,0.0232769191334889,-0.014732147914344853
113,2019-06-14,0.0210370042253959,-0.014819928163732678
114,2019-06-17,0.0094593436723502,-0.015059665487001892
115,2019-06-18,-0.0031027247937781,-0.01614974691857562
116,2019-06-19,-0.0136755377126646,-0.017349438640810955
117,2019-06-20,-0.0086562773262474,-0.017465482849130954
118,2019-06-21,-0.0012188704228698,-0.011901826510556284
119,2019-06-24,0.0160932069185364,-0.017062871501446444
120,2019-06-25,0.0203275470351227,-0.014877908901554339
121,2019-06-26,0.0242399792131067,-0.014061122963916591
122,2019-06-27,0.0165377189165668,-0.01293398200478432
123,2019-06-28,0.0039199414370194,-0.00834281536808095
124,2019-07-01,0.0022266995401965,-0.01671017990335447
125,2019-07-02,-0.0009179456709682,-0.013895092882310334
126,2019-07-03,0.0031768219073638,-0.01375549879039272
127,2019-07-05,0.0127085468505855,-0.014705838255417564
128,2019-07-08,0.0116356728855596,-0.014504756479370712
129,2019-07-09,0.0036651331241834,-0.014830179481638023
130,2019-07-10,-0.0051634882379804,-0.013581156281034557
131,2019-07-11,-0.0061915806448401,-0.012652985719009741
132,2019-07-12,-0.0125037322097999,-0.01400088670133314
133,2019-07-15,-0.0063281447650496,-0.013526471381693668
134,2019-07-16,0.0070532967879855,-0.013916332864284748
135,2019-07-17,0.0081633061890881,-0.01308699028810421
136,2019-07-18,0.0090908785497596,-0.0147257116219183
137,2019-07-19,0.0136782544899045,-0.012850705562191207
138,2019-07-22,0.005157263256662,-0.013284913642634425
139,2019-07-23,-0.0021128906198254,-0.013343913926590381
140,2019-07-24,-0.0077538477928667,-0.01576202359648818
141,2019-07-25,-0.0238940334318177,-0.014907689769734127
142,2019-07-26,-0.0294342545606211,-0.011887643782898137
143,2019-07-29,-0.0559010746122037,-0.012787271027860465
144,2019-07-30,-0.0330863849576228,-0.015102979153089785
145,2019-07-31,-0.023558011349016,-0.010230929682849771
146,2019-08-01,0.0020599921556589,-0.0045221902342785485
147,2019-08-02,0.0259812847571308,-0.00809135058981599
148,2019-08-05,0.0006870777334763,-3.404168162356637e-05
149,2019-08-06,0.01468110042372,-0.004496564551309395
150,2019-08-07,-0.0331814205827596,-0.00331622050754733
151,2019-08-08,-0.0243434464564097,-0.00924121515327429
152,2019-08-09,0.0017095795405287,-0.008755211600981094
153,2019-08-12,-0.0009124087591241,-0.0059281632056719675
154,2019-08-13,0.0210906146588749,-0.008220559674830966
155,2019-08-14,0.0269806152549515,0.0009658467225724068
156,2019-08-15,0.011863550133625,-0.004466849256079382
157,2019-08-16,-0.026179604261796,-0.010376406576089328
158,2019-08-19,-0.0076296927092132,-0.011054759650304037
159,2019-08-20,-0.0188994094575695,-0.009929247256686887
160,2019-08-21,-0.0119776253442582,-0.011011371190953743
161,2019-08-22,0.0272100480838463,-0.011476095754867155
162,2019-08-23,0.0167038403546439,-0.00956527817797362
163,2019-08-26,0.0129340991788537,-0.005466126191807009
164,2019-08-27,0.0172579762737453,-0.008544310307862658
165,2019-08-28,0.0175820117760499,-0.0069480441928342395
166,2019-08-29,0.0178543359553863,-0.010599610926879737
167,2019-08-30,0.0248290764450652,-0.0086203296151617
168,2019-09-03,0.0141637563057818,-0.009209773862163657
169,2019-09-04,0.0083770161290322,-0.008514498567080425
170,2019-09-05,0.0103601894779955,-0.01305485580130989
171,2019-09-06,0.0097232434537659,-0.01033386175923203
172,2019-09-09,0.0062328194697572,-0.010956544674975383
173,2019-09-10,0.0015895072527516,-0.010684445833458496
174,2019-09-11,-0.0009436564027419,-0.010910702376619232
175,2019-09-12,-0.0001995085439533,-0.012216284193938429
176,2019-09-13,-0.001964669308463,-0.013172863451704353
177,2019-09-16,-0.0046312007186344,-0.01118793583786347
178,2019-09-17,-0.0133467255124338,-0.013468459837773809
179,2019-09-18,-0.0072901665896188,-0.013996278448803112
180,2019-09-19,-0.0048294324664865,-0.011051430539823298
181,2019-09-20,-0.0100241327905127,-0.007381955507083757
182,2019-09-23,0.0034180543382996,-0.010892785468776475
183,2019-09-24,-0.0149487247350805,-0.011103982797727568
184,2019-09-25,-0.0302288404833389,-0.011830957344515105
185,2019-09-26,-0.0172733380827134,-0.010583347894526966
186,2019-09-27,-0.0083077460577677,-0.010550264021951234
187,2019-09-30,-0.0004965564152708,-0.011399128015248792
188,2019-10-01,0.0018873739874843,-0.008911952716471544
189,2019-10-02,0.0030130933852808,-0.007219593063756083
190,2019-10-03,-0.0047018810911887,-0.007076322390618453
191,2019-10-04,0.0107118916288676,-0.008728096489317628
192,2019-10-07,0.0252639074198254,-0.007089655923362449
193,2019-10-08,0.0261286565732683,-0.006252929597502188
194,2019-10-09,0.0175485768158658,-0.005610563707021456
195,2019-10-10,0.0093190181363983,-0.009826014981732302
196,2019-10-11,0.0067596042007314,-0.012861333171840248
197,2019-10-14,0.0036853068418522,-0.011342126685580977
198,2019-10-15,0.0021072418879548,-0.013742519226986188
199,2019-10-16,0.0021914975233076,-0.013769640255752757
200,2019-10-17,0.0080671087000201,-0.012022616007354927
201,2019-10-18,0.0052648733503619,-0.011290423094661307
202,2019-10-21,0.0144960430442025,-0.013111302733600727
203,2019-10-22,0.0107737675235977,-0.014786193702032425
204,2019-10-23,0.0121184337721614,-0.01542807304238085
205,2019-10-24,0.0049660055251359,-0.015525809339328853
206,2019-10-25,0.0090444887511432,-0.013939234891841942
207,2019-10-28,0.0136257816384525,-0.015570897731006901
208,2019-10-29,0.0091408278275025,-0.017018806968612087
209,2019-10-30,0.0129116791108653,-0.015173580923484576
210,2019-10-31,0.00595713600986,-0.014123795984134201
211,2019-11-01,0.0048111439217482,-0.014317959903732452
212,2019-11-04,0.0040297662800607,-0.014119045771372565
213,2019-11-05,0.0048947276048336,-0.01349998243511068
214,2019-11-06,0.00287179354203,-0.014313530388136165
215,2019-11-07,0.0011477233049258,-0.014360271175332414
216,2019-11-08,0.0108357277754201,-0.015117522272174224
217,2019-11-11,0.0097644121299938,-0.014059360676656854
218,2019-11-12,0.0084485009889981,-0.015121046214870714
219,2019-11-13,0.0038202820485495,-0.015105004936002236
220,2019-11-14,-0.0054222774847298,-0.012602461236286132
221,2019-11-15,-0.0037603738593159,-0.01312427361125834
222,2019-11-18,0.0043138536879282,-0.014088149813429481
223,2019-11-19,0.0103137888214742,-0.01446355002438736
224,2019-11-20,0.016139634095259,-0.013527981202202046
225,2019-11-21,0.0098672471055753,-0.014150631468121845
226,2019-11-22,-0.0063089569956982,-0.011927436996682233
227,2019-11-25,-0.0150675684281584,-0.013857606555855663
228,2019-11-26,-0.0129596686992449,-0.01429819523291339
229,2019-11-27,-0.0074976599659979,-0.01190533648025317
230,2019-11-29,0.0102894468940578,-0.012018881349102268
231,2019-12-02,0.0138238717186086,-0.013153080190614033
232,2019-12-03,0.0063480640974568,-0.013695475823423134
233,2019-12-04,0.0077628046179065,-0.014589712312940704
234,2019-12-05,0.0072030032645563,-0.013328664701102918
235,2019-12-06,0.0104720723478616,-0.014374023271581432
236,2019-12-09,0.0188123300090661,-0.012067019732718244
237,2019-12-10,0.0161985975433134,-0.012800800497468033
238,2019-12-11,0.0071230870708236,-0.011265590301781111
239,2019-12-12,0.0115406463014389,-0.013813675676821251
240,2019-12-13,0.0093280483792633,-0.013586889619566077
241,2019-12-16,0.0098636813551677,-0.012998429407817353
242,2019-12-17,0.0101029726054012,-0.013159547529174982
243,2019-12-18,0.0107756670836751,-0.013139286670510881
244,2019-12-19,0.0058362980485655,-0.012777809853433334
245,2019-12-20,-0.0008436698397338,-0.009448035981472506
246,2019-12-23,0.0022957268457333,-0.011569741697122802
247,2019-12-24,0.0055371908478939,-0.01188878680465434
248,2019-12-26,-0.001595669162536,-0.011043348951924147
249,2019-12-27,0.0077577616420751,-0.011846902082489895
250,2019-12-30,0.0019809457777996,-0.011595716394839367
251,2019-12-31,-0.0014733643353744,-0.012498073964286056
252,2020-01-02,0.0123189637850286,-0.01392304060114303
253,2020-01-03,0.0058744162549132,-0.014357331550996676
254,2020-01-06,0.015739007407682,-0.014335424315065454
255,2020-01-07,0.0092528550129877,-0.014546891635528653
256,2020-01-08,0.0044553699575534,-0.01435303587897324
257,2020-01-09,0.0157594132328846,-0.013712533968303965
258,2020-01-10,0.0126181142473076,-0.012196494159150579
259,2020-01-13,0.0114645995461675,-0.01377159831496192
260,2020-01-14,0.0098683910509562,-0.013538669077125627
261,2020-01-15,0.0026320470572628,-0.014036605324871533
262,2020-01-16,-0.0102564256581832,-0.013801878553953968
263,2020-01-17,-0.0232354349416855,-0.01379404034845491
264,2020-01-21,-0.013700609618424,-0.014537209060769078
265,2020-01-22,-0.015678656699363,-0.01467687231241231
266,2020-01-23,-0.0035837073315793,-0.014675059901919465
267,2020-01-24,-0.0055832508640011,-0.013587628476280245
268,2020-01-27,-0.0083388274363293,-0.01122103043596515
269,2020-01-28,0.0073898698600843,-0.014390449081850604
270,2020-01-29,0.0155405858097367,-0.014237561813052538
271,2020-01-30,0.0372839108112801,-0.013519544369255019
272,2020-01-31,0.0242511357620378,-0.010848865817397402
273,2020-02-03,0.0165272213950187,-0.01178313900176469
274,2020-02-04,0.0069151855194935,-0.012287815702518334
275,2020-02-05,0.0100634231778537,-0.01213578299107181
276,2020-02-06,0.0138924365404437,-0.013013117307062394
277,2020-02-07,0.0083738801762481,-0.01361147860087252
278,2020-02-10,0.0037346437346437,-0.013762707368851055
279,2020-02-11,0.0019825711284381,-0.013387822725647433
280,2020-02-12,-0.0002104364630076,-0.014059775515433201
281,2020-02-13,-0.0125467433494272,-0.014135860881742589
282,2020-02-14,-0.0428449777318866,-0.015238053740551535
283,2020-02-18,-0.0761750070138653,-0.013387973662345709
284,2020-02-19,-0.0761406722933212,-0.0136859177114348
285,2020-02-20,-0.1075544903003519,-0.012428671448539244
286,2020-02-21,-0.0842155188180626,-0.013719183005882379
287,2020-02-24,-0.0121411286326685,0.0007846741386043026
288,2020-02-25,-0.0362663209675297,0.007947349299087669
289,2020-02-26,0.0508130900106083,0.007782475350554188
290,2020-02-27,0.0236001381075208,0.012849918713631638
291,2020-02-28,-0.038139555955382,0.01901075692569682
292,2020-03-02,-0.0855072801552922,0.005714533849019281
293,2020-03-03,-0.079195046835265,0.0065633334328619
294,2020-03-04,-0.093441007427396,0.002330538675305973
295,2020-03-05,-0.1654336438599501,-0.0010858574982430275
296,2020-03-06,-0.0129398229057439,0.006221120273766535
297,2020-03-09,-0.1721236681319672,0.01637108438076412
298,2020-03-10,-0.0774026220370762,0.00011557627312437151
299,2020-03-11,-0.0332736713106295,0.02917679460241771
300,2020-03-12,-0.1112607063024249,0.0477526732289989
301,2020-03-13,-0.0340341892520525,0.02930030245076181
302,2020-03-16,-0.115368952115104,0.05543066758712735
303,2020-03-17,0.0205287519286101,0.0560915554349401
304,2020-03-18,0.0274633828479407,0.05496687073897951
305,2020-03-19,0.1410678027870816,0.02580752960981714
306,2020-03-20,0.1359032805935459,0.02857838430459785
307,2020-03-23,0.0732716879211222,0.03144996953259113
308,2020-03-24,0.0440425600672172,0.021243900062230207
309,2020-03-25,-0.060671388974438,0.020737478567485333
310,2020-03-26,-0.0057329026114806,0.014126437608852807
311,2020-03-27,-0.0525384044315002,0.014708990791800318
312,2020-03-30,0.0306005981606365,0.015108683555905642
313,2020-03-31,0.0764663023679416,0.01446287415904488
314,2020-04-01,0.0882820847678974,0.01719664368425052
315,2020-04-02,0.1210174190826351,0.012534095375239812
316,2020-04-03,0.0367724351273427,0.014176053397262963
317,2020-04-06,0.0701847402243355,0.01150721852230172
318,2020-04-07,0.0121382700965098,0.01631798850124288
319,2020-04-08,0.0034876802087589,0.016932641494467885
320,2020-04-09,0.040892516376198,0.022723803835321098
321,2020-04-13,-0.0080462112534521,0.01958693659153868
322,2020-04-14,-0.0168142101632559,0.020848345756803218
323,2020-04-15,-8.572806343885141e-05,-0.0005236903477439781
324,2020-04-16,-0.0267032171880217,-0.0007562689117858498
325,2020-04-17,0.0048102126694909,0.00253074935481163
326,2020-04-20,0.0518607302598883,-0.0012428462372610207
327,2020-04-21,0.022891355369716,-0.0012406402542267055
328,2020-04-22,0.0506505111158767,0.0010145940614559067
329,2020-04-23,0.0266820364220901,0.0025058646085505502
330,2020-04-24,-0.0165955643256162,0.0016183450188333658
331,2020-04-27,-0.0072117315489682,-0.0002843187795807442
332,2020-04-28,-0.0241774989709169,-0.00025248753177721533
333,2020-04-29,-0.0219782106351053,0.003049431812188823
334,2020-04-30,0.0178329818314133,0.00186073940173264
335,2020-05-01,0.030625382553452,-0.0005552860713251702
336,2020-05-04,0.0215727015381183,0.0006428664384791562
337,2020-05-05,0.0076182585433327,-0.00041193768403801506
338,2020-05-06,-0.0212377524564503,-0.0019673148930704687
339,2020-05-07,-0.0263840535190116,-0.000784740180655684
340,2020-05-08,-0.0227347183925306,0.0005195530882564553
341,2020-05-11,0.029193901300294,0.0004891675338571114
342,2020-05-12,0.0365035460992908,-0.0012669708740490411
343,2020-05-13,0.0417563540753725,-0.0019375661166771488
344,2020-05-14,0.0296155323532494,-0.000775927914550358
345,2020-05-15,0.0005213428980571,-0.0008732987399418046
346,2020-05-18,0.0235482083108103,0.0023054841049662714
347,2020-05-19,0.0217121358455517,-0.0015333717574170312
348,2020-05-20,0.0275461165130862,0.00011872786728446524
349,2020-05-21,0.0300664873369538,0.0012950900159037094
350,2020-05-22,0.0213786487597643,-0.0008339363892876692
351,2020-05-26,0.0147193960732906,0.0007502329458384507
352,2020-05-27,0.0307420133147177,-0.015108766839420713
353,2020-05-28,0.0223498920937749,-0.01651242017723555
354,2020-05-29,0.0452265088865835,-0.011245415525289406
355,2020-06-01,0.0491979408079666,-0.01754041851878738
356,2020-06-02,0.0269976015652268,-0.01723163741436452
357,2020-06-03,0.0249939756132825,-0.0145738044715853
358,2020-06-04,-0.0600608028353783,-0.01421755137793995
359,2020-06-05,-0.059114153923258,-0.012379270243154787
360,2020-06-08,-0.0438360179347587,-0.012176099611878259
361,2020-06-09,-0.0205006676822961,-0.013436243753558648
362,2020-06-10,0.0371040271809732,-0.010946035811773008
363,2020-06-11,0.024341484426119,-0.013710220390871143
364,2020-06-12,0.0101578626422181,-0.011518343529554352
365,2020-06-15,-0.0022017831883611,-0.012204874448979611
366,2020-06-16,0.0057170570645803,-0.012032837277067505
367,2020-06-17,-0.0208677062535711,-0.015955138294852116
368,2020-06-18,-0.0045129675182551,-0.019296239167972556
369,2020-06-19,-0.0348989370914665,-0.008338108522922152
370,2020-06-22,-0.0249258292908035,-0.01730345598294832
371,2020-06-23,0.0163785557628191,-0.017395092718897043
372,2020-06-24,0.0104093703790177,-0.010423602016075766
373,2020-06-25,0.040198733819644,-0.017077908200477297
374,2020-06-26,0.0414248470477263,-0.0061691208347743574
375,2020-06-29,0.0145244477129559,-0.0032048971505743576
376,2020-06-30,0.0173563638931145,-0.0023969117741385946
377,2020-07-01,0.0070415110494854,-0.0030479896637120637
378,2020-07-02,0.0016731032921138,-0.002563223878391512
379,2020-07-06,0.0031475334783105,-0.002076008178975349
380,2020-07-07,0.0087004801352706,-0.0019788290477209453
381,2020-07-08,0.0236385844133182,-0.001049835565724035
382,2020-07-09,0.0095854369175897,-0.0013881659269064854
383,2020-07-10,0.0220301595451348,-0.0021284349505065526
384,2020-07-13,0.0169881658285171,-0.005290361988990213
385,2020-07-14,0.009527174452048,-0.001878177514837038
386,2020-07-15,0.0187991553597028,-0.00237509911044561
387,2020-07-16,0.0033894310531423,-0.004253821430742193
388,2020-07-17,-0.0111352342058649,-0.0031840280864648966
389,2020-07-20,-0.0054922788812821,-0.004736162790966991
390,2020-07-21,-0.017576205273472,-0.00395727207546147
391,2020-07-22,0.0070402947157612,-0.020074007709601684
392,2020-07-23,0.0095129103783705,-0.018685754571373055
393,2020-07-24,0.0097888195689956,-0.019898007773795825
394,2020-07-27,0.0236667453797492,-0.019579242308652364
395,2020-07-28,0.0147524582315464,-0.018734043183606726
396,2020-07-29,0.0251215259594236,-0.017986983019457753
397,2020-07-30,0.0238572721269779,-0.01904147659603272
398,2020-07-31,0.0172008219485766,-0.013301528260270454
399,2020-08-03,0.0163193215807602,-0.01860071280951925
400,2020-08-04,0.0017789690994269,-0.019384994751756635
401,2020-08-05,0.0093127829067587,-0.018665689014121137
402,2020-08-06,0.0066094149101237,-0.02036856326374615
403,2020-08-07,0.0036840084869081,-0.020100615444770056
404,2020-08-10,0.0144884497358781,-0.021008338798116453
405,2020-08-11,0.0027896519591167,-0.016798037681222025
406,2020-08-12,0.0004209365541896,-0.021447027782709696
407,2020-08-13,0.0037535022310509,-0.021304603647133987
408,2020-08-14,0.0044855247945736,-0.02152977696580957
409,2020-08-17,0.0122426824159679,-0.02240197287128224
410,2020-08-18,0.0203772019497162,-0.022810641167681285
411,2020-08-19,0.0275349947275299,-0.02126779356828636
412,2020-08-20,0.0257244286403938,-0.020410705076012104
413,2020-08-21,0.0223619174185726,-0.020152687431925328
414,2020-08-24,0.016462327434502,-0.022368008901036695
415,2020-08-25,0.0137751420777122,-0.022074960811643826
416,2020-08-26,0.0276334103399291,-0.021681977241051534
417,2020-08-27,-0.0150940276681082,-0.020955205686950064
418,2020-08-28,-0.0209552868174532,-0.021718664300813102
419,2020-08-31,-0.0552393914905079,-0.018987816229482292
420,2020-09-01,-0.0507925514683705,-0.019486817316559563
421,2020-09-02,-0.0335363206427673,-0.019453513145776955
422,2020-09-03,-0.0250922100053692,-0.015626916721940266
423,2020-09-04,0.0155169515943141,-0.020508425389269388
424,2020-09-08,0.000659025113564,-0.014140777384176942
425,2020-09-09,0.013865638073904,-0.019099421581630784
426,2020-09-10,0.0048010009069223,-0.017640872423600087
427,2020-09-11,-0.0189357891439144,-0.018089587457954387
428,2020-09-14,-0.0353228272374455,-0.004068739417341004
429,2020-09-15,-0.0206528449352972,-0.002960385671825013
430,2020-09-16,-0.0357729050553915,-0.004121193751657333
431,2020-09-17,-0.0219553121432034,-0.0007093128528947316
432,2020-09-18,0.0053031642213187,0.0035299555074642308
433,2020-09-21,0.0108669097621222,0.0027192154091979894
434,2020-09-22,0.0304456087886014,-0.001066799806716271
435,2020-09-23,0.0358560828438453,0.006259145761820645
436,2020-09-24,0.0249631646283417,0.0026601666414352255
437,2020-09-25,-0.0009428332736602,-0.0026433955462198365
438,2020-09-28,0.0219339403442394,-0.0042536350680948245
439,2020-09-29,-0.0006095747844187,-0.005167559871557133
440,2020-09-30,0.0114322053951726,-0.0034633879609386312
441,2020-10-01,0.0293838324712403,-0.003816129878024121
442,2020-10-02,0.0200960503193365,-0.003858483465400668
443,2020-10-05,0.0515538761362114,-0.004706996136090132
444,2020-10-06,0.0270452850604629,-0.0022030350842088815
445,2020-10-07,0.0121386897526133,-0.0063357101246543715
446,2020-10-08,0.0017859556588335,-0.004366401635754979
447,2020-10-09,-0.0142634018255795,-0.0033440129600489704
448,2020-10-12,-0.0242060633326973,-0.005235577406474179
449,2020-10-13,-0.0130565516371569,-0.004390290746904671
450,2020-10-14,-0.0137167201593873,-0.0031766725868122084
451,2020-10-15,-0.0087031152674801,-0.004160343882177259
452,2020-10-16,0.0112258237717833,-0.002382690719664505
453,2020-10-19,-0.0122418039452589,-0.002928405526632296
454,2020-10-20,-0.013063372492403,-0.0033854534588435067
455,2020-10-21,-0.0528335104488501,-0.0035980636059091465
456,2020-10-22,-0.0448088093980763,-0.003914739238536223
457,2020-10-23,-0.0385213630229022,-0.004416402804787039
458,2020-10-26,-0.0237238548019866,-0.0037596876930459616
459,2020-10-27,0.0299569248829878,-0.004645080481562942
460,2020-10-28,0.0402796281694565,0.0061711466920294725
461,2020-10-29,0.0735452421436347,0.0016240301235155308
462,2020-10-30,0.0601769056020108,0.004451959303585184
463,2020-11-02,0.0538672967213017,0.0006181644731329148
464,2020-11-03,0.0296476779034919,-0.005509227049815693
465,2020-11-04,0.0177213747525246,-0.0015784970967582118
466,2020-11-05,0.0078559542263153,-0.0012547823802214612
467,2020-11-06,0.0097591888466413,-0.0029262058304112696
468,2020-11-09,0.022952844849712,0.003599551963154008
469,2020-11-10,0.0103200416496393,-0.0029213918912288786
470,2020-11-11,0.0087022654728145,-0.005936677424544976
471,2020-11-12,-0.0009148850117847,-0.0031759617222243126
472,2020-11-13,-0.0191264740509138,-0.0036292282961484105
473,2020-11-16,-0.0088487974888697,-0.004356600425817251
474,2020-11-17,0.0189529092239172,-0.005268241998102068
475,2020-11-18,0.0133394009274485,-0.0035895473884324826
476,2020-11-19,0.0227151346154927,-0.005718500482960706
477,2020-11-20,0.0123099628520875,-0.018042585047973424
478,2020-11-23,0.0074379506025455,-0.01706869125431247
479,2020-11-24,0.0108440207733528,-0.01683896853104187
480,2020-11-25,0.0077974906207483,-0.020004457269980524
481,2020-11-27,0.0213964430380794,-0.0232079900711696
482,2020-11-30,0.0080574478832476,-0.017535542625200264
483,2020-12-01,0.0090596645961716,-0.018857333249392854
484,2020-12-02,0.0016636121656413,-0.019003686490454703
485,2020-12-03,-0.0083857782391487,-0.019003686490454703
486,2020-12-04,-0.0077194769174097,-0.018835795754285876
487,2020-12-07,-0.0147910054696468,-0.0198813583713556
488,2020-12-08,0.005935493707832,-0.019998343826152974
489,2020-12-09,0.0090155666421308,-0.016726961492687153
490,2020-12-10,0.0161104529597702,-0.01884774423178652
491,2020-12-11,0.0169760575080397,-0.0195534033194829
492,2020-12-14,8.119914903296737e-05,-0.017455944147773045
493,2020-12-15,-0.0037582710332137,-0.0202725823241719
494,2020-12-16,-0.0087226795039865,-0.020412429999118797
495,2020-12-17,-0.0017118625333947,-0.02182983704150182
496,2020-12-18,0.0109447565847163,-0.016619504453403735
497,2020-12-21,0.0107884987768694,-0.016205377232083932
498,2020-12-22,0.0113902130346529,-0.019299881672906298
499,2020-12-23,0.0143151879796709,-0.020196663662797328
500,2020-12-24,-0.0092922770496016,-0.022703361073494965
501,2020-12-28,-4.829569846307963e-05,-0.023073314984926856
502,2020-12-29,0.0043139944909486,-0.009135380908418136
503,2020-12-30,0.0127047685479769,-0.007477330874789864
504,2020-12-31,0.033515733722454,-0.007636402564136423
505,2021-01-04,0.0195204542161497,-0.004428043776103061
506,2021-01-05,0.0141536868953668,-0.005334329435828463
507,2021-01-06,0.0015905189298042,-0.003961574066516659
508,2021-01-07,-0.0076189380549483,-0.004877158159167044
509,2021-01-08,-0.0082534786464927,-0.008058774342064529
510,2021-01-11,-0.0005998121640855,-0.006014472425247142
511,2021-01-12,0.0110267097830879,-0.0046760602447793
512,2021-01-13,0.0151572635250847,-0.014124994139841914
513,2021-01-14,0.0194307702514429,-0.01635290697304612
514,2021-01-15,0.0148595254954711,-0.013253648373654921
515,2021-01-19,-0.00057894258603,-0.006411873787672532
516,2021-01-20,-0.0265502573272741,-0.014796411317977903
517,2021-01-21,-0.0140805472904902,-0.021462406668461956
518,2021-01-22,-0.0366035856573706,-0.018507476770239357
519,2021-01-25,-0.019679864506107,-0.014634402352858292
520,2021-01-26,0.0201398646144658,-0.014579599368012898
521,2021-01-27,0.0112980477269246,-0.005612977235221963
522,2021-01-28,0.0424043680537606,-0.002560355547341089
523,2021-01-29,0.0299348677481411,0.002964363385835967
524,2021-02-01,0.0233331852359061,-0.002825641914004322
525,2021-02-02,0.0211635514872707,-0.002925484736737959
526,2021-02-03,0.0098508680851504,-0.004496174710951227
527,2021-02-04,0.0076025964603546,-0.006553952842959316
528,2021-02-05,0.0049136911678699,-0.007837435768433931
529,2021-02-08,0.0054611976283675,-0.008961216275765509
530,2021-02-09,0.0054861018752493,-0.006445566593262679
531,2021-02-10,-0.0006153641883576,-0.006688127608064419
532,2021-02-11,-0.0071464332639529,-0.008300900020708255
533,2021-02-12,-0.0142628649312539,-0.008908798131120613
534,2021-02-16,-0.0127081674649546,-0.006605893247957233
535,2021-02-17,0.0029279733876345,-0.008499631327643791
536,2021-02-18,-0.0198043878352884,-0.014584374297078205
537,2021-02-19,-0.0168579904553076,-0.016092863129626343
538,2021-02-22,0.0052687581962039,-0.005194020964094066
539,2021-02-23,-0.0140468687506846,-0.005092147873083824
540,2021-02-24,-0.0025121822559502,-0.008296627913707591
541,2021-02-25,-0.0111987195465936,0.0009535073388718724
542,2021-02-26,-0.0153466843678078,0.0019180452397232436
543,2021-03-01,-0.0126450472703595,-0.0035922783471998183
544,2021-03-02,0.0145874566722168,-0.003380914051421476
545,2021-03-03,0.0345869809232925,-0.0009839044289354944
546,2021-03-04,0.0253517754051338,0.006651242629326072
547,2021-03-05,0.0319232731887946,-5.618440602986551e-05
548,2021-03-08,0.0241262927564353,-0.00012687800711311042
549,2021-03-09,0.0163896163188255,-0.003299848162742805
550,2021-03-10,0.0088288901186492,-0.005362188297056539
551,2021-03-11,-0.0070701486557081,-0.006722652480702267
552,2021-03-12,-0.0140692477084561,-0.006922552442190261
553,2021-03-15,-0.0055820385544235,-0.00891140121261982
554,2021-03-16,-0.0160035429227099,-0.01042724409753832
555,2021-03-17,-0.0067220709699499,-0.009602255815096763
556,2021-03-18,-0.000914875674018,-0.007167140712788718
557,2021-03-19,0.0086154611365302,-0.0026535854797113652
558,2021-03-22,0.0154889886766977,-0.010934055182357816
559,2021-03-23,0.0178471332993927,-0.008964643150525541
560,2021-03-24,0.0162091509955186,-0.00913547943161973
561,2021-03-25,0.0114050934196158,-0.011174730028532887
562,2021-03-26,0.026899415525712,-0.010774733921878873
563,2021-03-29,0.0291495623397455,-0.00885270500637396
564,2021-03-30,0.0269476376139283,-0.009757642927227743
565,2021-03-31,0.0192294775701702,-0.009373059983580402
566,2021-04-01,0.0124794318658333,-0.011157600944483141
567,2021-04-05,0.0132672547951122,-0.011663209032149183
568,2021-04-06,0.0151080282846604,-0.013468534520933528
569,2021-04-07,0.0067095092466262,-0.012146993115138055
570,2021-04-08,0.0100804107731059,-0.01371996650903838
571,2021-04-09,0.0139244523363672,-0.01639367044256305
572,2021-04-12,0.0052322900142216,-0.02700405527968003
573,2021-04-13,0.0024923266402563,-0.02703567397088355
574,2021-04-14,0.0007193520077114,-0.027207339391537983
575,2021-04-15,-0.0120631613653904,-0.025510309414413092
576,2021-04-16,0.0040617208629775,-0.025846969703444626
577,2021-04-19,0.0127402090477734,-0.026262528409055307
578,2021-04-20,0.0031868347781915,-0.02472467391139411
579,2021-04-21,0.0116566464650374,-0.02550338724242382
580,2021-04-22,0.007487733752455,-0.024456977735529645
581,2021-04-23,-0.0015402543688299,-0.026128250559378115
582,2021-04-26,0.0014187717353918,-0.025899758476262212
583,2021-04-27,-0.0044272539073146,-0.026009124216361305
584,2021-04-28,-0.0104191648046881,-0.026195371059679225
585,2021-04-29,0.0048909754925056,-0.025031226439981465
586,2021-04-30,0.009526171929038,-0.023973976594877558
587,2021-05-03,0.0057075487554807,-0.02458464519126014
588,2021-05-04,-0.003716776362358,-0.021959045150162407
589,2021-05-05,-0.0329825162675348,-0.023099505043588434
590,2021-05-06,-0.028374994093465,-0.0219955603402179
591,2021-05-07,-0.0034810179470589,-0.02605077552230168
592,2021-05-10,0.0026950217961994,-0.019904237248711112
593,2021-05-11,0.0159461880759234,-0.019284566614674224
594,2021-05-12,0.0007732522796353,-0.012853579554802241
595,2021-05-13,-0.0035291158043534,-0.006556279277821078
596,2021-05-14,-0.0017846462773432,-0.01150584020305422
597,2021-05-17,0.0167691014407086,-0.010469048962403533
598,2021-05-18,0.0176034094001476,-0.00743088112871481
599,2021-05-19,0.0088648560272365,-0.005468361414430294
600,2021-05-20,0.0108328961995833,-0.0096018567853981
601,2021-05-21,0.0016821338797487,-0.009271375964774774
602,2021-05-24,0.0033212913639261,-0.011094958966362355
603,2021-05-25,0.0028908553166237,-0.0105567787733342
604,2021-05-26,-0.001911504256251,-0.010375313335569614
605,2021-05-27,0.0061320945455757,-0.00888648002536057
606,2021-05-28,0.0058257417825628,-0.012792338974683121
607,2021-06-01,0.0045483493816717,-0.009716288980379444
608,2021-06-02,0.0063679835911133,-0.00980996090776392
609,2021-06-03,0.0021962746076139,-0.010979057274063933
610,2021-06-04,0.0049496985699817,-0.012138155346691102
611,2021-06-07,0.0065976542725073,-0.011560723204187507
612,2021-06-08,0.0064082662843194,-0.01253000092527273
613,2021-06-09,-0.0036516496114815,-0.01046345715724574
614,2021-06-10,-0.0060224511705874,-0.009974846506951676
615,2021-06-11,-0.0208453286018118,-0.011765992347410843
616,2021-06-14,-0.0051335306681361,-0.011864739327417707
617,2021-06-15,0.0053839051068967,-0.011634848068000988
618,2021-06-16,0.0047325112628084,-0.011458211189803905
619,2021-06-17,0.0240108485641253,-0.010538220922167984
620,2021-06-18,0.0132337938690443,-0.0010496410562655582
621,2021-06-21,0.0104016540914271,-0.011656290661261566
622,2021-06-22,0.0117779077004318,-0.012546978923873405
623,2021-06-23,0.0072682697017923,-0.01244708406108273
624,2021-06-24,0.0091667250683298,-0.01243435837579986
625,2021-06-25,0.0143872316523758,-0.004509381466615361
626,2021-06-28,0.0120555477888065,-0.012363004683447233
627,2021-06-29,0.014108202443281,-0.01300092163568384
628,2021-06-30,0.0002037065329611,-0.011065277725881707
629,2021-07-01,0.0039541947550053,-0.012902872277315834
630,2021-07-02,0.0094600256933285,-0.011573387625986302
631,2021-07-06,0.0025423748259,-0.010814857413744428
632,2021-07-07,0.0123772802384733,-0.01055753303635728
633,2021-07-08,-0.0021787140552231,-0.009075518092116838
634,2021-07-09,-0.0131071492919585,-0.011446472275814232
635,2021-07-12,-0.0253409655292376,-0.01167268058857516
636,2021-07-13,-0.0117138742198751,-0.013144676918362195
637,2021-07-14,-0.0003073373348348,-0.01127275525987443
638,2021-07-15,0.0093178897937676,-0.012630221756996287
639,2021-07-16,0.0359986755868864,-0.010867808756832258
640,2021-07-19,0.0229559617493164,-0.002804373185135315
641,2021-07-20,0.009812581303098,-0.008301574097817855
642,2021-07-21,0.0075924789581179,-0.010314200514929915
643,2021-07-22,0.0016682571019925,-0.010686111155574182
644,2021-07-23,-0.0061144653234742,-0.010224388268486342
645,2021-07-26,-0.0032489219486261,-0.010514211033780885
646,2021-07-27,0.0051151650668992,-0.008774652823344655
647,2021-07-28,-0.0037314868243892,-0.00955780024401033
648,2021-07-29,0.0076992032325733,-0.010088083197288867
649,2021-07-30,0.0112510143236172,-0.010454261470089833
650,2021-08-02,0.0020799656353505,-0.00877286340846277
651,2021-08-03,0.0077430462493129,-0.009832728760336671
652,2021-08-04,0.0041994987695015,-0.009977157011136491
653,2021-08-05,0.0054795199841315,-0.010085660856632544
654,2021-08-06,0.0080431373876159,-0.010834406399515653
655,2021-08-09,0.0096827632839353,-0.01117382828680326
656,2021-08-10,8.543741709200467e-05,-0.010986691974662727
657,2021-08-11,-0.0135759488705015,-0.011106275972340998
658,2021-08-12,-0.0139212175470008,-0.011286691913033475
659,2021-08-13,-0.0084916211094021,-0.011291746017754381
660,2021-08-16,0.0070704663585186,-0.01186884614254363
661,2021-08-17,0.0195351648876089,-0.010222271491115612
662,2021-08-18,0.0205161378183302,-0.006558422454888858
663,2021-08-19,0.0063782316110832,-0.00546666058215413
664,2021-08-20,0.0066614131393249,-0.010070335501622403
665,2021-08-23,0.0094868074084477,-0.010077663863801236
666,2021-08-24,0.0058916549345113,-0.010713370828581486
667,2021-08-25,0.0121006711409396,-0.011605577551295305
668,2021-08-26,0.0061161536977449,-0.00939594452762631
669,2021-08-27,0.001466175291855,-0.01152649659892757
670,2021-08-30,-0.0005859357725951,-0.011256073424899992
671,2021-08-31,-0.002214810050198,-0.010713302406283449
672,2021-09-01,-0.0096254091405018,-0.0104559780288963
673,2021-09-02,-0.0169443691116388,-0.011313988876608533
674,2021-09-03,-0.0113494821937022,-0.011194545839522441
675,2021-09-07,-0.0157330302808772,-0.010521900102150246
676,2021-09-08,-0.0027997364953886,-0.010261320007795057
677,2021-09-09,0.0034024285759143,-0.0103482333440332
678,2021-09-10,-0.007997798032103,-0.006648560132216283
679,2021-09-13,-0.0192030249490779,-0.008797115455084294
680,2021-09-14,-0.028234427656393,-0.009064482822685955
681,2021-09-15,-0.0174596255937411,-0.01015281884244531
682,2021-09-16,0.0036070462599734,-0.00973331243436124
683,2021-09-17,0.0224314035059537,-0.0013328243439580264
684,2021-09-20,0.02042170874491,0.0053949312524254394
685,2021-09-21,-0.0097846957439645,0.004725145405384023
686,2021-09-22,-0.020121466043902,-0.005270045587292553
687,2021-09-23,-0.0332040543330908,-0.009518065091519791
688,2021-09-24,-0.0193715663127853,-0.011959992619156087
689,2021-09-27,-0.011985856826792,-0.009591786678111959
690,2021-09-28,-0.0031517665031907,0.0031733234652237562
691,2021-09-29,0.0130027811697628,-0.0005763129750830293
692,2021-09-30,0.0098048216220186,0.006287394721740614
693,2021-10-01,0.0211326230217232,-0.006873709424031438
694,2021-10-04,0.003559824378929,0.0021237986844396123
695,2021-10-05,-0.0029563085102727,-0.00843977575237483
696,2021-10-06,-0.0081731730821681,-0.010533722815223396
697,2021-10-07,0.0106846657284564,-0.013623172149460377
698,2021-10-08,0.0252637468213951,-0.013760146568440414
699,2021-10-11,0.0312160251916381,-0.010339601736038586
700,2021-10-12,0.0357097025528209,-0.012390904718025737
701,2021-10-13,0.0220649533826317,-0.012910540247925956
702,2021-10-14,0.0175360124525592,-0.015690934200100197
703,2021-10-15,0.0130258600321856,-0.014419224906932161
704,2021-10-18,0.0103658927832586,-0.013560459201641483
705,2021-10-19,0.0085093437444199,-0.01485578231186041
706,2021-10-20,0.000417602609357,-0.012785756336344014
707,2021-10-21,0.0113357829655218,-0.014100005203597563
708,2021-10-22,0.0085185963805821,-0.014243400561403259
709,2021-10-25,0.00849875076233,-0.01385958350606755
710,2021-10-26,0.0173496379358828,-0.013209739197295432
711,2021-10-27,0.0139565139826211,-0.012201969960992253
712,2021-10-28,0.016215817152982,-0.013425386572545146
713,2021-10-29,0.0181764192064017,-0.0129628287659132
714,2021-11-01,0.0153434183106043,-0.012960817864491304
715,2021-11-02,0.0052954896074944,-0.013808197575605299
716,2021-11-03,-0.0071259770173887,-0.026838109708420575
717,2021-11-04,-0.0102734841501809,-0.025237762887727163
718,2021-11-05,-0.0040091881659824,-0.025372415280277595
719,2021-11-08,-0.0005229176671468,-0.025950111601367218
720,2021-11-09,0.0116620146297056,-0.025099331803211018
721,2021-11-10,0.0084744486768889,-0.022300764834823662
722,2021-11-11,0.0046317947403823,-0.02667941963667866
723,2021-11-12,0.0032373793456905,-0.027306851468149176
724,2021-11-15,-0.0038205450020208,-0.025953834578327242
725,2021-11-16,0.0004329586002,-0.027145892539363413
726,2021-11-17,-0.0006546867493952,-0.02747449901169281
727,2021-11-18,-0.0219967815817929,-0.02528825871975942
728,2021-11-19,-0.0059086812985003,-0.025732202310083115
729,2021-11-22,-0.0263713305050418,-0.02287760914149266
730,2021-11-23,-0.0400769122783135,-0.024875037315703875
731,2021-11-24,-0.0038131553860818,-0.02510589693099289
732,2021-11-26,-0.0250984368253613,-0.018441510309182896
733,2021-11-29,0.0054017954893803,-0.022077594881580623
734,2021-11-30,0.0384906847712406,-0.00685001038367217
735,2021-12-01,0.0271154224290488,0.002076385788889837
736,2021-12-02,0.0284283331460437,0.0012383462360726458
737,2021-12-03,0.026210507288198,0.0018334475027635645
738,2021-12-06,-0.0037936736544513,-0.0014456814016670066
739,2021-12-07,-0.0142771754505754,-0.009351657753268329
740,2021-12-08,0.0090841894396298,-0.011242275576878435
741,2021-12-09,-0.0091998760616466,-0.00961562543148451
742,2021-12-10,-0.0103513194558971,-0.011753039751791343
743,2021-12-13,-0.0142573838660879,-0.011174309860268742
744,2021-12-14,-0.0128708982239351,-0.008081508975160781
745,2021-12-15,0.0059738640769213,-0.00739644045555564
746,2021-12-16,0.0227565878319885,-0.007947741507396595
747,2021-12-17,0.0488548649086473,-0.0010547941448585869
748,2021-12-20,0.0294930558393542,-0.006674523892606474
749,2021-12-21,0.020546953514913,-0.010728624749716623
750,2021-12-22,0.0112023598170886,-0.012214238733900441
751,2021-12-23,-0.0052199975371461,-0.01151475562487758
752,2021-12-27,0.002133149477159,-0.011074755078089747
753,2021-12-28,0.0001001447926793,-0.00996015554241068
754,2021-12-29,-0.0163537174102742,-0.009855975467204492
755,2021-12-30,-0.014714089690276,-0.008518778715522734
756,2021-12-31,-0.0249199426255484,-0.00914065018786017
757,2022-01-03,-0.0257116869787255,-0.012379970271040644
758,2022-01-04,0.0026571189087303,-0.011969064133424587
759,2022-01-05,0.0064522311304181,-0.00968617267885891
760,2022-01-06,-0.0038485962245271,-0.01090935180995178
761,2022-01-07,-0.0015930488256617,-0.011013287718128583
762,2022-01-10,-0.0288474391426395,-0.00975125807453596
763,2022-01-11,-0.0409597257926307,-0.012760296602487677
764,2022-01-12,-0.0378404946952477,-0.013018583398567492
765,2022-01-13,-0.056812893402104,-0.009331150176295211
766,2022-01-14,-0.0364815352919199,-0.009240729218408662
767,2022-01-18,-0.0388968310698118,-0.0048161440278912965
768,2022-01-19,-0.0296248045275979,-0.0021226080583155536
769,2022-01-20,-0.0162416949753746,-0.0030757881545420158
770,2022-01-21,0.0049250248858877,0.008747848604075728
771,2022-01-24,0.0365205614663316,0.006950052688862388
772,2022-01-25,0.0451984284804582,0.005461200593773926
773,2022-01-26,0.0607579781394241,0.008752995035747982
774,2022-01-27,0.0102869005043038,0.00683084306838302
775,2022-01-28,-0.0033262836199356,0.0026089795844090945
776,2022-01-31,-0.0137841083549248,-0.0021598106687612615
777,2022-02-01,-0.0147819531178503,-0.006133902805517878
778,2022-02-02,0.0245095411663809,-0.008398674059965664
779,2022-02-03,0.0007887959862505,-0.0023672266695570366
780,2022-02-04,-0.0145477009815181,-0.005752276484899237
781,2022-02-07,-0.0265108790367883,-0.006392781557573559
782,2022-02-08,-0.0253118473659199,-0.01225039589039675
783,2022-02-09,-0.0064541482389299,-0.014317246112885842
784,2022-02-10,-0.0086859305125559,-0.007775241167128953
785,2022-02-11,-0.0119954471825466,0.0010396672553714074
786,2022-02-14,-0.0371969125958662,-8.876577046552764e-05
787,2022-02-15,-0.0557562999859218,-0.00691956577835563
788,2022-02-16,-0.0209028687794789,-0.006306360451766119
789,2022-02-17,0.0082274245953545,0.0007576826489825044
790,2022-02-18,0.0160705823321159,0.0037845013940146113
791,2022-02-22,0.0191125310614129,0.004167366047786156
792,2022-02-23,0.0228134399701541,0.003046765532039456
793,2022-02-24,-0.0048259268128584,0.005499680589780705
794,2022-02-25,-0.0103042108487998,-0.00478476206428144
795,2022-02-28,-0.0244225847951586,-0.0013435658782885564
796,2022-03-01,-0.0492050682314535,0.0005256613499240591
797,2022-03-02,-0.0196196164079669,-0.004499103609359432
798,2022-03-03,-0.0160203471113707,-0.00428639044279472
799,2022-03-04,0.0007664677500363,-0.0002002232020013702
800,2022-03-07,0.0005778406502505,0.008895629758331244
801,2022-03-08,-0.0036069267955156,0.012366177845941344
802,2022-03-09,0.0230871084065808,-0.0017060627734709526
803,2022-03-10,0.049320816019751,0.0021908250298032787
804,2022-03-11,0.0694949330355538,0.0017680295573030019
805,2022-03-14,0.0466234208025901,0.0030429246222157895
806,2022-03-15,0.0352810783274359,-0.002918999422577064
807,2022-03-16,0.0101027502057043,-0.00800397918761225
808,2022-03-17,0.0127802971912025,-0.007781081341703297
809,2022-03-18,0.0183538884331051,-0.004309522396358302
810,2022-03-21,0.0141656747812866,-0.0077745759617455145
811,2022-03-22,0.0393515609572196,-0.010969263505522067
812,2022-03-23,0.0182051077837952,-0.011842352737693362
813,2022-03-24,-0.0027844668571404,-0.010761115664336253
814,2022-03-25,-0.0064823233206282,-0.011236503038534624
815,2022-03-28,-0.0105708610415407,-0.013113635680363476
816,2022-03-29,-0.0168019207161403,-0.008852132858797155
817,2022-03-30,-0.0108731880779002,-0.012333076869527754
818,2022-03-31,-0.0100421042443013,-0.010429324956942283
819,2022-04-01,-0.0205907511827244,-0.012421112542541723
820,2022-04-04,-0.0248811081253094,-0.01240255072698632
821,2022-04-05,-0.0186782410765093,-0.011380590040927127
822,2022-04-06,-0.0119149995222444,-0.009575922183317716
823,2022-04-07,-0.021319971124796,-0.012398929638245435
824,2022-04-08,-0.0047229140651735,-0.01341517201312236
825,2022-04-11,0.0147267166198592,-0.0091135678047929
826,2022-04-12,0.0028921038368726,-0.0062977948185724995
827,2022-04-13,0.0002435920493375,-0.009366624512229152
828,2022-04-14,-0.027303839751895,-0.009211786510658288
829,2022-04-18,-0.0372214664930606,-0.010907245512585765
830,2022-04-19,-0.0637410442991848,-0.016115634531921864
831,2022-04-20,-0.0477278624199414,-0.013276273023075009
832,2022-04-21,0.0036799647921944,-0.010794894154117147
833,2022-04-22,-0.0382182061953575,-0.0056974035766026
834,2022-04-25,-0.0047470779842881,-0.004055951242941969
835,2022-04-26,-0.002026788019006,-0.0035664395453106064
836,2022-04-27,0.0029551020408163,-0.003732958830264852
837,2022-04-28,0.0036157437323477,-0.00764159388315578
838,2022-04-29,-0.0077104861649235,0.00015891376124090332
839,2022-05-02,-0.0441242683475911,-0.0006338817397979887
840,2022-05-03,-0.0695600406495556,-0.0029285234870862274
841,2022-05-04,-0.0510481399223993,-0.007558888352081694
842,2022-05-05,-0.0468697706228446,-0.0032744695770664336
843,2022-05-06,0.0081804151090889,-0.005367988534408263
844,2022-05-09,0.0017395433698654,0.0014345728933913974
845,2022-05-10,0.0390503102780559,0.026878318456550712
846,2022-05-11,-0.0016284655783088,0.026366256763537235
847,2022-05-12,-0.0305922875625327,0.026988380569072407
848,2022-05-13,-0.0266092150468686,0.018480674635897223
849,2022-05-16,-0.0281497242500947,0.021828526278869314
850,2022-05-17,0.0045365575174326,0.01819190895273417
851,2022-05-18,0.0199805680387819,0.023067055451901085
852,2022-05-19,0.0401090901634301,0.026732284278427634
853,2022-05-20,0.0464271783579741,0.02715289880753381
854,2022-05-23,0.0483752296091822,0.02002365540408215
855,2022-05-24,0.0307887190133533,0.021783142017101624
856,2022-05-25,0.0293210180785835,0.021362840257187127
857,2022-05-26,-0.0119521720727999,0.01638972511386787
858,2022-05-27,-0.0025942911075346,0.01738627973051656
859,2022-05-31,0.0144956513046087,0.016241539604825765
860,2022-06-01,-0.0146163827983966,0.014783291340729523
861,2022-06-02,-0.0220808365015309,-0.017544194423379473
862,2022-06-03,-0.053517832402831,-0.015832193744903272
863,2022-06-06,-0.0987939471432554,-0.013462431441115395
864,2022-06-07,-0.0923982632654401,-0.017508792263296234
865,2022-06-08,-0.0567048797606663,-0.01665740658950955
866,2022-06-09,-0.0600098439831217,-0.012253821527060072
867,2022-06-10,-0.0199459680021762,0.0010743372589249955
868,2022-06-13,0.0078463811879597,0.007755245621286201
869,2022-06-14,-0.0079419734616713,-0.0001673865308040721
870,2022-06-15,0.0351699179386762,0.0034390302000053704
871,2022-06-16,0.0644653916905224,0.00294317365283587
872,2022-06-17,0.0359435718858157,0.012063986473382445
873,2022-06-21,0.01639941594036,0.026313423115620817
874,2022-06-22,0.0060857858699116,0.027486122053753177
875,2022-06-23,-0.0323027604084115,0.02514120919108044
876,2022-06-24,-0.0191738181743592,0.024252519768007207
877,2022-06-27,0.0025748714526827,0.017967479752899893
878,2022-06-28,0.0068738330850024,0.01774256520992993
879,2022-06-29,0.0309717914713977,0.0177797731543039
880,2022-06-30,0.0193578070388698,0.022465860323439925
881,2022-07-01,0.0060134833572149,0.017346521346819254
882,2022-07-05,-0.0068347082505434,0.021574808123640706
883,2022-07-06,-0.0258390517139766,-0.016173367273259596
884,2022-07-07,-0.0279531617846939,-0.014879252704876483
885,2022-07-08,0.0022649263315198,-0.017897346326619008
886,2022-07-11,0.0031554414999475,-0.01587487447495624
887,2022-07-12,0.0354860091851711,-0.013163165673051461
888,2022-07-13,0.0447237480147109,-0.01243592393812453
889,2022-07-14,0.035149980844697,-0.009720203348780043
890,2022-07-15,0.0341386376391662,-0.018683897991550298
891,2022-07-18,0.0076587183649208,-0.015055742014103602
892,2022-07-19,-0.0098108538094396,-0.02000884988653433
893,2022-07-20,0.0061666187374186,-0.021234622589311036
894,2022-07-21,0.0279682857813576,-0.024692407418495026
895,2022-07-22,0.0412040818384406,-0.017580516840105476
896,2022-07-25,0.0503895640198416,-0.016046899263494462
897,2022-07-26,0.0167958624220538,-0.015244917784741649
898,2022-07-27,0.0203171079674789,-0.014041267633746348
899,2022-07-28,0.0052417626849445,-0.015434452252421734
900,2022-07-29,0.0064487463064173,-0.0155051522555157
901,2022-08-01,0.0119451797643229,-0.01440485447039852
902,2022-08-02,-0.0078697141151865,-0.011384651278789513
903,2022-08-03,0.0140416287325925,-0.01320578479117004
904,2022-08-04,0.0149763943269188,-0.016301225456766984
905,2022-08-05,0.0338376738501372,-0.026129687282851026
906,2022-08-08,0.0423702294983347,-0.02340165192828532
907,2022-08-09,0.0225545337082921,-0.0243156488641971
908,2022-08-10,0.0158701485761549,-0.02408298616231258
909,2022-08-11,0.000838755651087,-0.02991382764096606
910,2022-08-12,-0.0159780691343546,-0.03033557352798825
911,2022-08-15,-0.0388390783238874,-0.027771803712434182
912,2022-08-16,-0.033998277975873,-0.02830197988386095
913,2022-08-17,-0.0333750414357545,-0.03140515038627454
914,2022-08-18,-0.0069433933706673,-0.026535162273059933
915,2022-08-19,-0.0194128067008378,-0.029636105474268915
916,2022-08-22,-0.023765177185236,-0.026605930902513193
917,2022-08-23,-0.0373384660340952,-0.02527165459681558
918,2022-08-24,-0.0581359903979881,-0.025750888920390357
919,2022-08-25,-0.0223798938304342,-0.025653256639970746
920,2022-08-26,-0.0263855843160216,-0.02476520243310487
921,2022-08-29,-0.0195601782166294,-0.021029722770862496
922,2022-08-30,0.0062882427307205,-0.02102341801432208
923,2022-08-31,0.0099146678094709,-0.013016827665164704
924,2022-09-01,0.0364654737453685,-0.015235593569066107
925,2022-09-02,0.0517426225439397,-0.016524534610482856
926,2022-09-06,-0.0118546585692497,-0.012703594982285423
927,2022-09-07,-0.015019295188933,-0.016480590089784284
928,2022-09-08,-0.0408151724951812,-0.018187647424996522
929,2022-09-09,-0.0576779445359465,-0.020098822780328717
930,2022-09-12,-0.0083403471923798,-0.021776649162821172
931,2022-09-13,-0.0228281225845855,-0.016123081830990878
932,2022-09-14,-0.02855934484217,-0.018350711082649646
933,2022-09-15,-0.0297779946454343,-0.018810129722573905
934,2022-09-16,-0.0529912382144111,0.000912054124512135
935,2022-09-19,-0.0520989748257877,-0.012002120187225464
936,2022-09-20,-0.0376365790397183,-0.008948542606381019
937,2022-09-21,-0.0103645831947396,-0.00790141521714192
938,2022-09-22,-0.0142855982432722,-0.007030871631771154
939,2022-09-23,-0.0189929521975135,-0.0017662600694014923
940,2022-09-26,0.0085378459075093,-0.007034930628697318
941,2022-09-27,0.0193302572706934,0.0010002084775754558
942,2022-09-28,0.0392284512714018,0.023712095246056112
943,2022-09-29,0.044315906314668,0.02021262399289095
944,2022-09-30,-0.0105398226960958,0.020390463901807057
945,2022-10-03,-0.0470966227284597,0.021721624489477433
946,2022-10-04,-0.0513945571038887,0.020451318588385885
947,2022-10-05,-0.0447293645113391,0.01312194646390257
948,2022-10-06,0.0083112158828022,0.011775782170997227
949,2022-10-07,-0.0081165101221074,0.013027375353200454
950,2022-10-10,0.0248297500027863,0.011464900256301008
951,2022-10-11,0.0399633215265177,0.011613279584457719
952,2022-10-12,0.0068802777179821,0.013602402722684289
953,2022-10-13,0.0230835568381304,0.005496499832098588
954,2022-10-14,0.0203374162237116,0.013664694993062177
955,2022-10-17,0.0207958107301652,0.010282806515814823
956,2022-10-18,0.0443688500633261,0.01050370645468174
957,2022-10-19,0.044961781667203,0.011693585980738363
958,2022-10-20,0.0145360069282526,0.008539373700760964
959,2022-10-21,0.0273138565416843,-0.01824756836384665
960,2022-10-24,0.0033349658340912,-0.015011533590627634
961,2022-10-25,0.0066569205868532,-0.013798610862609752
962,2022-10-26,-0.0125049247498227,-0.014241979753129195
963,2022-10-27,-0.0464412236674134,-0.016010323367708662
964,2022-10-28,-0.0261958997722095,-0.021641156057628303
965,2022-10-31,-0.0127849381499441,-0.019357856624069407
966,2022-11-01,0.0181983089031276,-0.01994111701928768
967,2022-11-02,0.0077099054004285,-0.018481714197854025
968,2022-11-03,0.0492819349962206,-0.0216642334778397
969,2022-11-04,0.0488940842702531,-0.014826266086123988
970,2022-11-07,0.033734662797046,-0.01722596470687928
971,2022-11-08,0.0648674027695894,-0.0225394087687559
972,2022-11-09,0.0006116718102705,-0.021308081229395027
973,2022-11-10,-0.0116130260234965,-0.014268645413525372
974,2022-11-11,0.0020443489797208,-0.016065354192575185
975,2022-11-14,-0.010469144957199,-0.017684702782326096
976,2022-11-15,0.0113140631354529,-0.013867224212982771
977,2022-11-16,0.0204481877888592,-0.01691601119852355
978,2022-11-17,0.0153278155214936,-0.01689153913281707
979,2022-11-18,0.0035443576358121,-0.018262156882717078
980,2022-11-21,-0.0114772278810464,-0.020532176228346254
981,2022-11-22,0.013123066303144,-0.027202520963327523
982,2022-11-23,0.0125306746942466,-0.024421189478928112
983,2022-11-25,0.0271850734370348,-0.024332020182734223
984,2022-11-28,0.0104127975581345,-0.02481601529136001
985,2022-11-29,-0.0340309452441233,-0.024719670980035923
986,2022-11-30,-0.0349926531373188,-0.018944492968569877
987,2022-12-01,-0.0265712110420707,-0.02516685418822751
988,2022-12-02,-0.0161196747056646,-0.026680557904594098
989,2022-12-05,0.0125086901143288,-0.02646489101421407
990,2022-12-06,0.0217925123032496,-0.022920818202937066
991,2022-12-07,0.0080257145812676,-0.02387851635435385
992,2022-12-08,-0.0098185737015743,-0.025174438359491062
993,2022-12-09,-0.0346317308848882,-0.025591525926330204
994,2022-12-12,-0.0502506437127611,-0.024036627413505575
995,2022-12-13,-0.043475866764114,-0.016063728649026297
996,2022-12-14,-0.0044433036000769,-0.02056372629139123
997,2022-12-15,-0.0077796467619849,-0.017962366241616304
998,2022-12-16,0.0071143056217683,-0.009478788422559819
999,2022-12-19,0.0019965355006515,-0.019303319942594103
1000,2022-12-20,-0.0245511081775147,-0.018826714848584804
1001,2022-12-21,0.0070348656207242,-0.021180409513175465
1002,2022-12-22,-0.0013836798601755,-0.01948465671280669
1003,2022-12-23,-0.0013344649735588,-0.02067496121744569
1004,2022-12-27,0.0184366756360983,-0.018852175676878195
1005,2022-12-28,-0.0106981045805969,-0.018481108689014758
1006,2022-12-29,0.0144758432087511,-0.0220025179166686
1007,2022-12-30,0.0177687009366812,-0.020575880743906358
1008,2023-01-03,0.0172023140590246,-0.022660288771069254
1009,2023-01-04,0.0424122265696804,-0.02165859260545213
1010,2023-01-05,0.0226157100752744,-0.024181850422776624
1011,2023-01-06,0.0274916561538916,-0.025310951034944233
1012,2023-01-09,0.0182994195317981,-0.02108017842413939
1013,2023-01-10,-0.0102654920760477,-0.02478747210476914
1014,2023-01-11,-0.0211690688572167,-0.022277564006000273
1015,2023-01-12,-0.0066215063927043,-0.020516295696925924
1016,2023-01-13,0.0072263134025061,-0.022152885663532924
1017,2023-01-17,0.0224212621472894,-0.019558935055579197
1018,2023-01-18,0.0301037485412364,-0.019543401442107918
1019,2023-01-19,0.0221063733918002,-0.020261738485330614
1020,2023-01-20,0.0126249748122423,-0.021523097924804755
1021,2023-01-23,0.0002041349780306,-0.02158228790733316
1022,2023-01-24,0.0150340369800459,-0.02052071981095907
1023,2023-01-25,0.0144762993082013,-0.019458703171716954
1024,2023-01-26,0.0268267756770567,-0.021258827854830544
1025,2023-01-27,0.0295462408251342,-0.02084515686322883
1026,2023-01-30,0.008458028749448,-0.020964773598383727
1027,2023-01-31,0.0108734441798305,-0.01749834658200829
1028,2023-02-01,-0.0148094627442725,-0.016200229569806535
1029,2023-02-02,-0.0132914942173054,-0.015640041519389802
1030,2023-02-03,-0.0050157136324274,-0.023303412879631384
1031,2023-02-06,-0.0064145052833813,-0.02675366844728496
1032,2023-02-07,0.0044367705555799,-0.027035598707789533
1033,2023-02-08,0.016195026338356,-0.026863292038604783
1034,2023-02-09,-1.2223564097969886e-05,-0.026639201874140896
1035,2023-02-10,-0.0140671792405173,-0.028197438623021577
1036,2023-02-13,-0.0335555217074898,-0.02665932886627975
1037,2023-02-14,-0.0377447198379786,-0.027531567046223164
1038,2023-02-15,-0.0190909957681503,-0.027054401267365216
1039,2023-02-16,-0.0267339038854254,-0.028675739851327882
1040,2023-02-17,-0.0037775120455103,-0.02840330351849849
1041,2023-02-21,-0.0052367171546335,-0.025584370985471158
1042,2023-02-22,-0.0151857279578897,-0.020252861191445162
1043,2023-02-23,0.0028488377950851,-0.020720398476515127
1044,2023-02-24,0.0159206878540721,-0.018599329091631995
1045,2023-02-27,0.0197146203543946,-0.02111715772140117
1046,2023-02-28,0.0088525809904868,-0.013319513041200904
1047,2023-03-01,0.0026774837680686,-0.020552346592160625
1048,2023-03-02,-0.0314709168388684,-0.020387075709382422
1049,2023-03-03,-0.0461488679534237,-0.022132319506192384
1050,2023-03-06,-0.0327641438200667,-0.02223895113261218
1051,2023-03-07,-0.0182163872334989,-0.02097177075547466
1052,2023-03-08,-0.0067350292982707,-0.021306830493512906
1053,2023-03-09,0.0255568302176046,-0.01755862599947787
1054,2023-03-10,0.0157893644832665,-0.012527370162843297
1055,2023-03-13,0.0082361856356636,-0.007473951686797826
1056,2023-03-14,0.0285051375538614,-0.014458580265134866
1057,2023-03-15,-0.0058859474582606,-0.010410462305475512
1058,2023-03-16,0.0081906940642999,-0.017651393592796966
1059,2023-03-17,0.0049145023370456,-0.007460274433890324
1060,2023-03-20,-0.0063304578964592,-0.014158266050467026
1061,2023-03-21,0.0087122838121703,-0.01914901714795413
1062,2023-03-22,0.0200292753094674,-0.02067305764407323
1063,2023-03-23,0.0201058174409908,-0.016861458092258284
1064,2023-03-24,0.0331311140330808,-0.020282320130834745
1065,2023-03-27,0.0385871522208261,-0.02394280387836444
1066,2023-03-28,0.0180718554251567,-0.023779900766146674
1067,2023-03-29,0.0097634311980508,-0.0236530687040901
1068,2023-03-30,-0.0010439708856231,-0.022625928366937515
1069,2023-03-31,-0.0037337768607666,-0.021065433148207375
1070,2023-04-03,0.0020338487050673,-0.020470378040032024
1071,2023-04-04,0.0003838274194572,-0.02036772776471045
1072,2023-04-05,0.0100364919050333,-0.020364736864688426
1073,2023-04-06,0.0069431093351116,-0.020986558404920058
1074,2023-04-10,0.010314095606166,-0.02050479378927744
1075,2023-04-11,0.0153765319713095,-0.019429522719596283
1076,2023-04-12,0.002001823347531,-0.018543521305370562
1077,2023-04-13,-0.0018972167709129,-0.019604668655105316
1078,2023-04-14,-0.004287792798435,-0.019617734407970915
1079,2023-04-17,-0.0042913496691833,-0.02078779854376677
1080,2023-04-18,-0.0199517633806072,-0.02067756749214759
1081,2023-04-19,-0.0178701580467772,-0.020624744039162098
1082,2023-04-20,0.0004427219415897,-0.019626714221650132
1083,2023-04-21,0.0078413551718135,-0.019767291316118527
1084,2023-04-24,0.0236367253409567,-0.01934508047478611
1085,2023-04-25,0.0156780465435072,-0.022349649190433033
1086,2023-04-26,-0.0107850605148295,-0.019442427105371293
1087,2023-04-27,-0.0259648685207747,-0.020082399582305354
1088,2023-04-28,-0.0075866089873244,-0.02129386462658032
1089,2023-05-01,0.0045004587846333,-0.01983558143755471
1090,2023-05-02,0.00694738128705,-0.02045088240123157
1091,2023-05-03,0.0188170057273431,-0.02008776263405685
1092,2023-05-04,-0.0013611362949531,-0.017247024516591884
1093,2023-05-05,-0.0033928450600755,-0.021612708125784214
1094,2023-05-08,0.0041537494203928,-0.021659712563556418
1095,2023-05-09,-0.0067043048694426,-0.022807447876885094
1096,2023-05-10,0.0068149575608505,-0.019167877184175987
1097,2023-05-11,0.017936121510737,-0.017485255225087492
1098,2023-05-12,0.0134662063496668,-0.019575929142424172
1099,2023-05-15,0.0201294435387723,-0.01951421809826652
1100,2023-05-16,-0.0031716108368581,-0.017503737063256693
1101,2023-05-17,-0.0197258250854564,-0.01862333678935959
1102,2023-05-18,-0.009709015787289,-0.017161564434929506
1103,2023-05-19,0.0030577465695755,-0.017202348057929785
1104,2023-05-22,0.0144587729581869,-0.019221148369354495
1105,2023-05-23,0.0156953178915446,-0.01796136858864086
1106,2023-05-24,0.0167996377021065,-0.016181177806329855
1107,2023-05-25,0.0182905515462079,-0.01777391199248078
1108,2023-05-26,0.0162334265441608,-0.019260535696514626
1109,2023-05-30,0.0248861795814663,-0.018147907143335314
1110,2023-05-31,0.0110162946396842,-0.015621678741235349
1111,2023-06-01,0.0026994397961877,-0.016536719821709508
1112,2023-06-02,0.0058659878000556,-0.019033777135964998
1113,2023-06-05,0.012857593052978,-0.018741542136476476
1114,2023-06-06,0.0237819623575284,-0.020315309434490742
1115,2023-06-07,0.0183188827018605,-0.017385904729418603
1116,2023-06-08,0.0295380635796468,-0.01978068176809634
1117,2023-06-09,0.0162851209860495,-0.021394476815943912
1118,2023-06-12,0.0045090306499641,-0.02026443528839961
1119,2023-06-13,-0.0015780121163888,-0.025205194265220093
1120,2023-06-14,-0.0099303183124558,-0.028983093097455198
1121,2023-06-15,-0.0138924480507258,-0.028787827420724214
1122,2023-06-16,-0.0136463790043088,-0.020854346856892983
1123,2023-06-20,0.0029136287734585,-0.028934032348581985
1124,2023-06-21,-0.0011479064969683,-0.030290585780369684
1125,2023-06-22,0.0110640176803507,-0.028946884862376662
1126,2023-06-23,0.0280815557126423,-0.02113789056721175
1127,2023-06-26,0.0176274035551719,-0.030849489805027393
1128,2023-06-27,0.0159840616332256,-0.030073573232092695
1129,2023-06-28,0.0034459699211181,-0.029966061052280665
1130,2023-06-29,-0.0115563165392618,-0.030723611859858096
1131,2023-06-30,-0.0103375759439267,-0.029555043255463757
1132,2023-07-03,-0.0017000913011993,-0.027712422156176694
1133,2023-07-05,0.0137297436978503,-0.030400084538290663
1134,2023-07-06,0.0252537537366871,-0.02999480548528052
1135,2023-07-07,0.0217460817819586,-0.030028581070247785
1136,2023-07-10,0.0188161990962457,-0.029931786145206012
1137,2023-07-11,0.0185190154198418,-0.030487861894125792
1138,2023-07-12,0.012345788507419,-0.029555043255463757
1139,2023-07-13,0.0065365715072068,-0.029722434964450917
1140,2023-07-14,0.0029959383477897,-0.0303343526837021
1141,2023-07-17,-7.46435769200383e-05,-0.030972776546589108
1142,2023-07-18,0.0003811008997485,-0.028858045812214277
1143,2023-07-19,0.0070299699881143,-0.028814804815911685
1144,2023-07-20,0.0002358729724843,-0.030424207735429785
1145,2023-07-21,0.006057558885005,-0.03091813193930513
1146,2023-07-24,0.0047072114479382,-0.02975231936921987
1147,2023-07-25,0.0021853615809929,-0.030538718937282088
1148,2023-07-26,-0.0052937689122207,-0.030322852752926493
1149,2023-07-27,-0.0175329479314655,-0.026215290308899686
1150,2023-07-28,-0.0241732331508664,-0.0297426798583876
1151,2023-07-31,-0.0127361675257225,-0.026448598346157353
1152,2023-08-01,-0.0031040969204966,-0.028591029025700786
1153,2023-08-02,-0.0075923667615157,-0.02785197703311705
1154,2023-08-03,-0.0020544748471983,-0.027988337084135406
1155,2023-08-04,-0.0120373403209956,-0.02671801279946655
1156,2023-08-07,-0.0021469624703847,-0.02896118226543392
1157,2023-08-08,-0.0066812751946747,-0.027680386304789112
1158,2023-08-09,-0.0144333080470727,-0.018987573540198456
1159,2023-08-10,-0.0209876681488783,-0.015574980408172878
1160,2023-08-11,-0.026729951979188,-0.019643527535743367
1161,2023-08-14,-0.0085829656636304,-0.019477574331971677
1162,2023-08-15,-0.0038098870883879,-0.017777073154394165
1163,2023-08-16,0.0150216458140749,-0.016983475047295193
1164,2023-08-17,0.0015103977151802,-0.018331259513080202
1165,2023-08-18,0.0013500705718707,-0.016693983101948865
1166,2023-08-21,0.010429510774806,-0.016639005408808985
1167,2023-08-22,0.013890861382188,-0.01651114891579917
1168,2023-08-23,0.0316613768220257,-0.01741977389154372
1169,2023-08-24,0.0231404245853675,-0.020209160974531893
1170,2023-08-25,0.018600097895252,-0.019393376273591705
1171,2023-08-28,-0.000177871456745,-0.019271346386686636
1172,2023-08-29,-0.0109394068932218,-0.022716740576704215
1173,2023-08-30,-0.0125386564204042,-0.02164735240745808
1174,2023-08-31,-0.0129058831605685,-0.022247164085594864
1175,2023-09-01,-0.0020836900661132,-0.0203216965591817
1176,2023-09-05,-0.0008017055277372,-0.023572460700852498
1177,2023-09-06,0.0036619832222754,-0.02432605681459086
1178,2023-09-07,0.0106808988915287,-0.022712942109386333
1179,2023-09-08,-0.0082763968926743,-0.022014742728824848
1180,2023-09-11,-0.0018758824715927,-0.024751661836938655
1181,2023-09-12,-0.0052580448758124,-0.023413586847104356
1182,2023-09-13,-0.0228407804488247,-0.02097436285617612
1183,2023-09-14,-0.0270362580668355,-0.022181075763356945
1184,2023-09-15,-0.0299694848805328,-0.013339001398345226
1185,2023-09-18,-0.0239674163750717,-0.022840237511364665
1186,2023-09-19,-0.0292285675344146,-0.0231402760067553
1187,2023-09-20,-0.0128152424942262,-0.021831143928155734
1188,2023-09-21,-0.0047128975060532,-0.01783895024185521
1189,2023-09-22,-0.0113869010291783,-0.01971909034337373
1190,2023-09-25,0.0034772190671413,-0.02128312530308393
1191,2023-09-26,-0.0105415591494698,-0.018007451809328317
1192,2023-09-27,-0.0083610484452403,-0.018411285904881003
1193,2023-09-28,-0.0069635382050117,-0.020104687579376074
1194,2023-09-29,0.0046894055811154,-0.014468699661551808
1195,2023-10-02,0.0251120122001678,-0.013815224947703118
1196,2023-10-03,0.0221612430372324,-0.008774182883194382
1197,2023-10-04,0.0278897841571184,-0.013757243024226136
1198,2023-10-05,0.009541603806429,-0.01675820435706667
1199,2023-10-06,-0.0018174856884534,-0.01595962105634009
1200,2023-10-09,0.0035312419692353,-0.01898535799277458
1201,2023-10-10,-0.0008567609865317,-0.02422788919567186
1202,2023-10-11,-0.008048997496327,-0.02368799472715046
1203,2023-10-12,-0.0115024331181344,-0.021418768925739608
1204,2023-10-13,-0.0341752731712559,-0.02071752104887233
1205,2023-10-16,-0.0357084057440775,-0.02196873815949164
1206,2023-10-17,-0.0155101284012423,-0.021393086457876877
1207,2023-10-18,-0.0213253856942495,-0.022939890515761754
1208,2023-10-19,-0.0205792394227492,-0.02172223502078702
1209,2023-10-20,-0.023635061559767,-0.02055250005192808
1210,2023-10-23,-0.0190362739189394,-0.018663783150258018
1211,2023-10-24,0.0016790986846661,-0.01681194804632885
1212,2023-10-25,0.0243230373945852,-0.014278937708196836
1213,2023-10-26,0.0486742750833662,-0.007050432032117483
1214,2023-10-27,0.0459631085576051,-0.006533829809348405
1215,2023-10-30,0.041055844341647,-0.01460008129962795
1216,2023-10-31,0.0331582449632598,-0.012657623728423995
1217,2023-11-01,0.0150540323962777,-0.015678623251174095
1218,2023-11-02,-0.0025216022614114,-0.02093393461329444
1219,2023-11-03,0.0112826902551088,-0.02108246226986282
1220,2023-11-06,0.0075758613916562,-0.02185624786036197
1221,2023-11-07,0.0257644691269012,-0.021156968645519452
1222,2023-11-08,0.0357758174520109,-0.024403143005833662
1223,2023-11-09,0.0210634076516791,-0.022426668492693404
1224,2023-11-10,0.0232276637463023,-0.022288681604923838
1225,2023-11-13,0.0114954289654559,-0.02163942868644403
1226,2023-11-14,0.0078416480119389,-0.017900359386631877
1227,2023-11-15,0.0107314606143417,-0.020837353435819404
1228,2023-11-16,0.0100398314584338,-0.022045651045020064
1229,2023-11-17,0.0006707158847512,-0.02225187771854339
1230,2023-11-20,0.0036798811861118,-0.023476521136940025
1231,2023-11-21,-0.0013255439338808,-0.023431394069573702
1232,2023-11-22,0.0018555317216965,-0.027872179424417724
1233,2023-11-24,0.0097133677476633,-0.027073198426411337
1234,2023-11-27,0.0032690141803642,-0.030033313072577828
1235,2023-11-28,0.0036478866430214,-0.02984307087747878
1236,2023-11-29,-0.0040413328079162,-0.028006324385960644
1237,2023-11-30,-0.0019675142503313,-0.02150158652744253
1238,2023-12-01,0.0075692921759909,-0.027942831058572325
