,Consumer Price Index for All Urban Consumers: All Items in U.S. City Average,Consumer Price Index for All Urban Consumers: All Items Less Food and Energy in U.S. City Average,Consumer Price Index for All Urban Consumers: Used Cars and Trucks in U.S. City Average,Consumer Price Index in the United States (DISCONTINUED),Consumer Price Index in Japan (DISCONTINUED),Consumer Price Index in Canada (DISCONTINUED),Harmonized Index of Consumer Prices: All Items for Euro area (19 countries),Harmonized Index of Consumer Prices: All Items for United States,Harmonized Index of Consumer Prices: Energy for Euro area (19 countries),Research Consumer Price Index: All Items,Research Consumer Price Index: Housing,Research Consumer Price Index: Medical Care
1928-01-01,,,,,,,,,,,,
1928-02-01,,,,,,,,,,,,
1928-03-01,,,,,,,,,,,,
1928-04-01,,,,,,,,,,,,
1928-05-01,,,,,,,,,,,,
1928-06-01,,,,,,,,,,,,
1928-07-01,,,,,,,,,,,,
1928-08-01,,,,,,,,,,,,
1928-09-01,,,,,,,,,,,,
1928-10-01,,,,,,,,,,,,
1928-11-01,,,,,,,,,,,,
1928-12-01,,,,,,,,,,,,
1929-01-01,,,,,,,,,,,,
1929-02-01,,,,,,,,,,,,
1929-03-01,,,,,,,,,,,,
1929-04-01,,,,,,,,,,,,
1929-05-01,,,,,,,,,,,,
1929-06-01,,,,,,,,,,,,
1929-07-01,,,,,,,,,,,,
1929-08-01,,,,,,,,,,,,
1929-09-01,,,,,,,,,,,,
1929-10-01,,,,,,,,,,,,
1929-11-01,,,,,,,,,,,,
1929-12-01,,,,,,,,,,,,
1930-01-01,,,,,,,,,,,,
1930-02-01,,,,,,,,,,,,
1930-03-01,,,,,,,,,,,,
1930-04-01,,,,,,,,,,,,
1930-05-01,,,,,,,,,,,,
1930-06-01,,,,,,,,,,,,
1930-07-01,,,,,,,,,,,,
1930-08-01,,,,,,,,,,,,
1930-09-01,,,,,,,,,,,,
1930-10-01,,,,,,,,,,,,
1930-11-01,,,,,,,,,,,,
1930-12-01,,,,,,,,,,,,
1931-01-01,,,,,,,,,,,,
1931-02-01,,,,,,,,,,,,
1931-03-01,,,,,,,,,,,,
1931-04-01,,,,,,,,,,,,
1931-05-01,,,,,,,,,,,,
1931-06-01,,,,,,,,,,,,
1931-07-01,,,,,,,,,,,,
1931-08-01,,,,,,,,,,,,
1931-09-01,,,,,,,,,,,,
1931-10-01,,,,,,,,,,,,
1931-11-01,,,,,,,,,,,,
1931-12-01,,,,,,,,,,,,
1932-01-01,,,,,,,,,,,,
1932-02-01,,,,,,,,,,,,
1932-03-01,,,,,,,,,,,,
1932-04-01,,,,,,,,,,,,
1932-05-01,,,,,,,,,,,,
1932-06-01,,,,,,,,,,,,
1932-07-01,,,,,,,,,,,,
1932-08-01,,,,,,,,,,,,
1932-09-01,,,,,,,,,,,,
1932-10-01,,,,,,,,,,,,
1932-11-01,,,,,,,,,,,,
1932-12-01,,,,,,,,,,,,
1933-01-01,,,,,,,,,,,,
1933-02-01,,,,,,,,,,,,
1933-03-01,,,,,,,,,,,,
1933-04-01,,,,,,,,,,,,
1933-05-01,,,,,,,,,,,,
1933-06-01,,,,,,,,,,,,
1933-07-01,,,,,,,,,,,,
1933-08-01,,,,,,,,,,,,
1933-09-01,,,,,,,,,,,,
1933-10-01,,,,,,,,,,,,
1933-11-01,,,,,,,,,,,,
1933-12-01,,,,,,,,,,,,
1934-01-01,,,,,,,,,,,,
1934-02-01,,,,,,,,,,,,
1934-03-01,,,,,,,,,,,,
1934-04-01,,,,,,,,,,,,
1934-05-01,,,,,,,,,,,,
1934-06-01,,,,,,,,,,,,
1934-07-01,,,,,,,,,,,,
1934-08-01,,,,,,,,,,,,
1934-09-01,,,,,,,,,,,,
1934-10-01,,,,,,,,,,,,
1934-11-01,,,,,,,,,,,,
1934-12-01,,,,,,,,,,,,
1935-01-01,,,,,,,,,,,,
1935-02-01,,,,,,,,,,,,
1935-03-01,,,,,,,,,,,,
1935-04-01,,,,,,,,,,,,
1935-05-01,,,,,,,,,,,,
1935-06-01,,,,,,,,,,,,
1935-07-01,,,,,,,,,,,,
1935-08-01,,,,,,,,,,,,
1935-09-01,,,,,,,,,,,,
1935-10-01,,,,,,,,,,,,
1935-11-01,,,,,,,,,,,,
1935-12-01,,,,,,,,,,,,
1936-01-01,,,,,,,,,,,,
1936-02-01,,,,,,,,,,,,
1936-03-01,,,,,,,,,,,,
1936-04-01,,,,,,,,,,,,
1936-05-01,,,,,,,,,,,,
1936-06-01,,,,,,,,,,,,
1936-07-01,,,,,,,,,,,,
1936-08-01,,,,,,,,,,,,
1936-09-01,,,,,,,,,,,,
1936-10-01,,,,,,,,,,,,
1936-11-01,,,,,,,,,,,,
1936-12-01,,,,,,,,,,,,
1937-01-01,,,,,,,,,,,,
1937-02-01,,,,,,,,,,,,
1937-03-01,,,,,,,,,,,,
1937-04-01,,,,,,,,,,,,
1937-05-01,,,,,,,,,,,,
1937-06-01,,,,,,,,,,,,
1937-07-01,,,,,,,,,,,,
1937-08-01,,,,,,,,,,,,
1937-09-01,,,,,,,,,,,,
1937-10-01,,,,,,,,,,,,
1937-11-01,,,,,,,,,,,,
1937-12-01,,,,,,,,,,,,
1938-01-01,,,,,,,,,,,,
1938-02-01,,,,,,,,,,,,
1938-03-01,,,,,,,,,,,,
1938-04-01,,,,,,,,,,,,
1938-05-01,,,,,,,,,,,,
1938-06-01,,,,,,,,,,,,
1938-07-01,,,,,,,,,,,,
1938-08-01,,,,,,,,,,,,
1938-09-01,,,,,,,,,,,,
1938-10-01,,,,,,,,,,,,
1938-11-01,,,,,,,,,,,,
1938-12-01,,,,,,,,,,,,
1939-01-01,,,,,,,,,,,,
1939-02-01,,,,,,,,,,,,
1939-03-01,,,,,,,,,,,,
1939-04-01,,,,,,,,,,,,
1939-05-01,,,,,,,,,,,,
1939-06-01,,,,,,,,,,,,
1939-07-01,,,,,,,,,,,,
1939-08-01,,,,,,,,,,,,
1939-09-01,,,,,,,,,,,,
1939-10-01,,,,,,,,,,,,
1939-11-01,,,,,,,,,,,,
1939-12-01,,,,,,,,,,,,
1940-01-01,,,,,,,,,,,,
1940-02-01,,,,,,,,,,,,
1940-03-01,,,,,,,,,,,,
1940-04-01,,,,,,,,,,,,
1940-05-01,,,,,,,,,,,,
1940-06-01,,,,,,,,,,,,
1940-07-01,,,,,,,,,,,,
1940-08-01,,,,,,,,,,,,
1940-09-01,,,,,,,,,,,,
1940-10-01,,,,,,,,,,,,
1940-11-01,,,,,,,,,,,,
1940-12-01,,,,,,,,,,,,
1941-01-01,,,,,,,,,,,,
1941-02-01,,,,,,,,,,,,
1941-03-01,,,,,,,,,,,,
1941-04-01,,,,,,,,,,,,
1941-05-01,,,,,,,,,,,,
1941-06-01,,,,,,,,,,,,
1941-07-01,,,,,,,,,,,,
1941-08-01,,,,,,,,,,,,
1941-09-01,,,,,,,,,,,,
1941-10-01,,,,,,,,,,,,
1941-11-01,,,,,,,,,,,,
1941-12-01,,,,,,,,,,,,
1942-01-01,,,,,,,,,,,,
1942-02-01,,,,,,,,,,,,
1942-03-01,,,,,,,,,,,,
1942-04-01,,,,,,,,,,,,
1942-05-01,,,,,,,,,,,,
1942-06-01,,,,,,,,,,,,
1942-07-01,,,,,,,,,,,,
1942-08-01,,,,,,,,,,,,
1942-09-01,,,,,,,,,,,,
1942-10-01,,,,,,,,,,,,
1942-11-01,,,,,,,,,,,,
1942-12-01,,,,,,,,,,,,
1943-01-01,,,,,,,,,,,,
1943-02-01,,,,,,,,,,,,
1943-03-01,,,,,,,,,,,,
1943-04-01,,,,,,,,,,,,
1943-05-01,,,,,,,,,,,,
1943-06-01,,,,,,,,,,,,
1943-07-01,,,,,,,,,,,,
1943-08-01,,,,,,,,,,,,
1943-09-01,,,,,,,,,,,,
1943-10-01,,,,,,,,,,,,
1943-11-01,,,,,,,,,,,,
1943-12-01,,,,,,,,,,,,
1944-01-01,,,,,,,,,,,,
1944-02-01,,,,,,,,,,,,
1944-03-01,,,,,,,,,,,,
1944-04-01,,,,,,,,,,,,
1944-05-01,,,,,,,,,,,,
1944-06-01,,,,,,,,,,,,
1944-07-01,,,,,,,,,,,,
1944-08-01,,,,,,,,,,,,
1944-09-01,,,,,,,,,,,,
1944-10-01,,,,,,,,,,,,
1944-11-01,,,,,,,,,,,,
1944-12-01,,,,,,,,,,,,
1945-01-01,,,,,,,,,,,,
1945-02-01,,,,,,,,,,,,
1945-03-01,,,,,,,,,,,,
1945-04-01,,,,,,,,,,,,
1945-05-01,,,,,,,,,,,,
1945-06-01,,,,,,,,,,,,
1945-07-01,,,,,,,,,,,,
1945-08-01,,,,,,,,,,,,
1945-09-01,,,,,,,,,,,,
1945-10-01,,,,,,,,,,,,
1945-11-01,,,,,,,,,,,,
1945-12-01,,,,,,,,,,,,
1946-01-01,,,,,,,,,,,,
1946-02-01,,,,,,,,,,,,
1946-03-01,,,,,,,,,,,,
1946-04-01,,,,,,,,,,,,
1946-05-01,,,,,,,,,,,,
1946-06-01,,,,,,,,,,,,
1946-07-01,,,,,,,,,,,,
1946-08-01,,,,,,,,,,,,
1946-09-01,,,,,,,,,,,,
1946-10-01,,,,,,,,,,,,
1946-11-01,,,,,,,,,,,,
1946-12-01,,,,,,,,,,,,
1947-01-01,21.48,,,,,,,,,,,
1947-02-01,21.62,,,,,,,,,,,
1947-03-01,22.0,,,,,,,,,,,
1947-04-01,22.0,,,,,,,,,,,
1947-05-01,21.95,,,,,,,,,,,
1947-06-01,22.08,,,,,,,,,,,
1947-07-01,22.23,,,,,,,,,,,
1947-08-01,22.4,,,,,,,,,,,
1947-09-01,22.84,,,,,,,,,,,
1947-10-01,22.91,,,,,,,,,,,
1947-11-01,23.06,,,,,,,,,,,
1947-12-01,23.41,,,,,,,,,,,
1948-01-01,23.68,,,,,,,,,,,
1948-02-01,23.67,,,,,,,,,,,
1948-03-01,23.5,,,,,,,,,,,
1948-04-01,23.82,,,,,,,,,,,
1948-05-01,24.01,,,,,,,,,,,
1948-06-01,24.15,,,,,,,,,,,
1948-07-01,24.4,,,,,,,,,,,
1948-08-01,24.43,,,,,,,,,,,
1948-09-01,24.36,,,,,,,,,,,
1948-10-01,24.31,,,,,,,,,,,
1948-11-01,24.16,,,,,,,,,,,
1948-12-01,24.05,,,,,,,,,,,
1949-01-01,24.01,,,,,,,,,,,
1949-02-01,23.91,,,,,,,,,,,
1949-03-01,23.91,,,,,,,,,,,
1949-04-01,23.92,,,,,,,,,,,
1949-05-01,23.91,,,,,,,,,,,
1949-06-01,23.92,,,,,,,,,,,
1949-07-01,23.7,,,,,,,,,,,
1949-08-01,23.7,,,,,,,,,,,
1949-09-01,23.75,,,,,,,,,,,
1949-10-01,23.67,,,,,,,,,,,
1949-11-01,23.7,,,,,,,,,,,
1949-12-01,23.61,,,,,,,,,,,
1950-01-01,23.51,,,24.1,,21.6,,,,,,
1950-02-01,23.61,,,,,,,,,,,
1950-03-01,23.64,,,,,,,,,,,
1950-04-01,23.65,,,,,,,,,,,
1950-05-01,23.77,,,,,,,,,,,
1950-06-01,23.88,,,,,,,,,,,
1950-07-01,24.07,,,,,,,,,,,
1950-08-01,24.2,,,,,,,,,,,
1950-09-01,24.34,,,,,,,,,,,
1950-10-01,24.5,,,,,,,,,,,
1950-11-01,24.6,,,,,,,,,,,
1950-12-01,24.98,,,,,,,,,,,
1951-01-01,25.38,,,26.0,,23.8,,,,,,
1951-02-01,25.83,,,,,,,,,,,
1951-03-01,25.88,,,,,,,,,,,
1951-04-01,25.92,,,,,,,,,,,
1951-05-01,25.99,,,,,,,,,,,
1951-06-01,25.93,,,,,,,,,,,
1951-07-01,25.91,,,,,,,,,,,
1951-08-01,25.86,,,,,,,,,,,
1951-09-01,26.03,,,,,,,,,,,
1951-10-01,26.16,,,,,,,,,,,
1951-11-01,26.32,,,,,,,,,,,
1951-12-01,26.47,,,,,,,,,,,
1952-01-01,26.45,,,26.5,,24.5,,,,,,
1952-02-01,26.41,,,,,,,,,,,
1952-03-01,26.39,,,,,,,,,,,
1952-04-01,26.46,,,,,,,,,,,
1952-05-01,26.47,,,,,,,,,,,
1952-06-01,26.53,,,,,,,,,,,
1952-07-01,26.68,,,,,,,,,,,
1952-08-01,26.69,,,,,,,,,,,
1952-09-01,26.63,,,,,,,,,,,
1952-10-01,26.69,,,,,,,,,,,
1952-11-01,26.69,,,,,,,,,,,
1952-12-01,26.71,,,,,,,,,,,
1953-01-01,26.64,,28.7,26.7,,24.2,,,,,,
1953-02-01,26.59,,28.7,,,,,,,,,
1953-03-01,26.63,,28.4,,,,,,,,,
1953-04-01,26.69,,28.3,,,,,,,,,
1953-05-01,26.7,,27.5,,,,,,,,,
1953-06-01,26.77,,26.9,,,,,,,,,
1953-07-01,26.79,,26.5,,,,,,,,,
1953-08-01,26.85,,26.0,,,,,,,,,
1953-09-01,26.89,,25.5,,,,,,,,,
1953-10-01,26.95,,25.2,,,,,,,,,
1953-11-01,26.85,,24.8,,,,,,,,,
1953-12-01,26.87,,24.7,,,,,,,,,
1954-01-01,26.94,,24.2,26.9,,24.4,,,,,,
1954-02-01,26.99,,23.5,,,,,,,,,
1954-03-01,26.93,,23.1,,,,,,,,,
1954-04-01,26.86,,22.9,,,,,,,,,
1954-05-01,26.93,,22.7,,,,,,,,,
1954-06-01,26.94,,22.8,,,,,,,,,
1954-07-01,26.86,,22.6,,,,,,,,,
1954-08-01,26.85,,22.5,,,,,,,,,
1954-09-01,26.81,,22.4,,,,,,,,,
1954-10-01,26.72,,22.2,,,,,,,,,
1954-11-01,26.78,,22.1,,,,,,,,,
1954-12-01,26.77,,21.9,,,,,,,,,
1955-01-01,26.77,,22.4,26.8,,24.4,,,,,,
1955-02-01,26.82,,22.4,,,,,,,,,
1955-03-01,26.79,,22.4,,,,,,,,,
1955-04-01,26.79,,21.3,,,,,,,,,
1955-05-01,26.77,,21.7,,,,,,,,,
1955-06-01,26.71,,21.7,,,,,,,,,
1955-07-01,26.76,,21.5,,,,,,,,,
1955-08-01,26.72,,21.2,,,,,,,,,
1955-09-01,26.85,,21.2,,,,,,,,,
1955-10-01,26.82,,20.9,,,,,,,,,
1955-11-01,26.88,,20.8,,,,,,,,,
1955-12-01,26.87,,20.5,,,,,,,,,
1956-01-01,26.83,,20.1,27.2,,24.7,,,,,,
1956-02-01,26.86,,20.5,,,,,,,,,
1956-03-01,26.89,,20.0,,,,,,,,,
1956-04-01,26.93,,20.0,,,,,,,,,
1956-05-01,27.03,,20.6,,,,,,,,,
1956-06-01,27.15,,20.2,,,,,,,,,
1956-07-01,27.29,,20.5,,,,,,,,,
1956-08-01,27.31,,20.8,,,,,,,,,
1956-09-01,27.35,,20.8,,,,,,,,,
1956-10-01,27.51,,21.4,,,,,,,,,
1956-11-01,27.51,,21.5,,,,,,,,,
1956-12-01,27.63,,21.7,,,,,,,,,
1957-01-01,27.67,28.5,22.3,28.1,,25.6,,,,,,
1957-02-01,27.8,28.6,22.3,,,,,,,,,
1957-03-01,27.86,28.7,23.1,,,,,,,,,
1957-04-01,27.93,28.8,23.2,,,,,,,,,
1957-05-01,28.0,28.8,23.3,,,,,,,,,
1957-06-01,28.11,28.9,23.2,,,,,,,,,
1957-07-01,28.19,29.0,23.1,,,,,,,,,
1957-08-01,28.28,29.0,23.3,,,,,,,,,
1957-09-01,28.32,29.1,23.4,,,,,,,,,
1957-10-01,28.32,29.2,23.5,,,,,,,,,
1957-11-01,28.41,29.3,23.7,,,,,,,,,
1957-12-01,28.47,29.3,23.5,,,,,,,,,
1958-01-01,28.64,29.3,23.2,28.9,,26.3,,,,,,
1958-02-01,28.7,29.4,23.3,,,,,,,,,
1958-03-01,28.87,29.5,23.1,,,,,,,,,
1958-04-01,28.94,29.5,23.3,,,,,,,,,
1958-05-01,28.94,29.5,23.5,,,,,,,,,
1958-06-01,28.91,29.6,23.4,,,,,,,,,
1958-07-01,28.89,29.6,23.9,,,,,,,,,
1958-08-01,28.94,29.6,24.1,,,,,,,,,
1958-09-01,28.91,29.7,24.7,,,,,,,,,
1958-10-01,28.91,29.7,24.9,,,,,,,,,
1958-11-01,28.95,29.8,25.2,,,,,,,,,
1958-12-01,28.97,29.9,25.6,,,,,,,,,
1959-01-01,29.01,29.9,25.9,29.1,,26.4,,,,,,
1959-02-01,29.0,29.9,26.1,,,,,,,,,
1959-03-01,28.97,30.0,26.4,,,,,,,,,
1959-04-01,28.98,30.0,26.6,,,,,,,,,
1959-05-01,29.04,30.1,26.6,,,,,,,,,
1959-06-01,29.11,30.2,26.8,,,,,,,,,
1959-07-01,29.15,30.2,27.3,,,,,,,,,
1959-08-01,29.18,30.2,27.2,,,,,,,,,
1959-09-01,29.25,30.3,27.5,,,,,,,,,
1959-10-01,29.35,30.4,27.0,,,,,,,,,
1959-11-01,29.35,30.4,27.0,,,,,,,,,
1959-12-01,29.41,30.5,27.2,,,,,,,,,
1960-01-01,29.37,30.5,27.2,29.6,,26.8,,,,,,
1960-02-01,29.41,30.6,27.8,,,,,,,,,
1960-03-01,29.41,30.6,26.5,,,,,,,,,
1960-04-01,29.54,30.6,25.5,,,,,,,,,
1960-05-01,29.57,30.6,25.4,,,,,,,,,
1960-06-01,29.61,30.7,25.2,,,,,,,,,
1960-07-01,29.55,30.6,24.7,,,,,,,,,
1960-08-01,29.61,30.6,24.5,,,,,,,,,
1960-09-01,29.61,30.6,23.6,,,,,,,,,
1960-10-01,29.75,30.8,23.7,,,,,,,,,
1960-11-01,29.78,30.8,23.1,,,,,,,,,
1960-12-01,29.81,30.7,23.7,,,,,,,,,
1961-01-01,29.84,30.8,23.6,29.9,,27.1,,,,,,
1961-02-01,29.84,30.8,24.7,,,,,,,,,
1961-03-01,29.84,30.9,24.0,,,,,,,,,
1961-04-01,29.81,30.9,25.3,,,,,,,,,
1961-05-01,29.84,30.9,25.7,,,,,,,,,
1961-06-01,29.84,31.0,26.3,,,,,,,,,
1961-07-01,29.92,31.0,26.5,,,,,,,,,
1961-08-01,29.94,31.1,27.0,,,,,,,,,
1961-09-01,29.98,31.1,27.1,,,,,,,,,
1961-10-01,29.98,31.1,27.4,,,,,,,,,
1961-11-01,29.98,31.2,27.5,,,,,,,,,
1961-12-01,30.01,31.2,27.0,,,,,,,,,
1962-01-01,30.04,31.2,27.1,30.2,,27.5,,,,,,
1962-02-01,30.11,31.2,27.3,,,,,,,,,
1962-03-01,30.17,31.3,27.3,,,,,,,,,
1962-04-01,30.21,31.3,28.2,,,,,,,,,
1962-05-01,30.24,31.4,28.6,,,,,,,,,
1962-06-01,30.21,31.4,28.6,,,,,,,,,
1962-07-01,30.22,31.4,28.5,,,,,,,,,
1962-08-01,30.28,31.5,28.8,,,,,,,,,
1962-09-01,30.42,31.5,29.2,,,,,,,,,
1962-10-01,30.38,31.5,29.0,,,,,,,,,
1962-11-01,30.38,31.5,29.2,,,,,,,,,
1962-12-01,30.38,31.6,28.7,,,,,,,,,
1963-01-01,30.44,31.5,27.2,30.6,,27.8,,,,,,
1963-02-01,30.48,31.6,28.1,,,,,,,,,
1963-03-01,30.51,31.7,28.5,,,,,,,,,
1963-04-01,30.48,31.7,28.7,,,,,,,,,
1963-05-01,30.51,31.7,28.6,,,,,,,,,
1963-06-01,30.61,31.8,28.7,,,,,,,,,
1963-07-01,30.69,31.8,28.7,,,,,,,,,
1963-08-01,30.75,31.9,28.8,,,,,,,,,
1963-09-01,30.72,31.9,29.2,,,,,,,,,
1963-10-01,30.75,32.0,29.2,,,,,,,,,
1963-11-01,30.78,32.0,29.5,,,,,,,,,
1963-12-01,30.88,32.1,29.7,,,,,,,,,
1964-01-01,30.94,32.2,30.2,31.0,,28.3,,,,,,
1964-02-01,30.91,32.2,30.2,,,,,,,,,
1964-03-01,30.94,32.2,30.1,,,,,,,,,
1964-04-01,30.95,32.2,29.9,,,,,,,,,
1964-05-01,30.98,32.2,30.0,,,,,,,,,
1964-06-01,31.01,32.3,29.9,,,,,,,,,
1964-07-01,31.02,32.3,29.8,,,,,,,,,
1964-08-01,31.05,32.3,29.6,,,,,,,,,
1964-09-01,31.08,32.3,29.6,,,,,,,,,
1964-10-01,31.12,32.4,29.6,,,,,,,,,
1964-11-01,31.21,32.5,30.0,,,,,,,,,
1964-12-01,31.25,32.5,30.6,,,,,,,,,
1965-01-01,31.28,32.6,31.1,31.5,,29.0,,,,,,
1965-02-01,31.28,32.6,30.9,,,,,,,,,
1965-03-01,31.31,32.6,30.6,,,,,,,,,
1965-04-01,31.38,32.7,29.9,,,,,,,,,
1965-05-01,31.48,32.7,29.8,,,,,,,,,
1965-06-01,31.61,32.7,29.9,,,,,,,,,
1965-07-01,31.58,32.7,29.8,,,,,,,,,
1965-08-01,31.55,32.7,29.2,,,,,,,,,
1965-09-01,31.62,32.8,29.0,,,,,,,,,
1965-10-01,31.65,32.8,29.1,,,,,,,,,
1965-11-01,31.75,32.9,29.0,,,,,,,,,
1965-12-01,31.85,33.0,29.3,,,,,,,,,
1966-01-01,31.88,33.0,28.9,32.4,,30.2,,,,,,
1966-02-01,32.08,33.1,29.0,,,,,,,,,
1966-03-01,32.18,33.1,29.0,,,,,,,,,
1966-04-01,32.28,33.3,29.1,,,,,,,,,
1966-05-01,32.35,33.4,28.9,,,,,,,,,
1966-06-01,32.38,33.5,28.8,,,,,,,,,
1966-07-01,32.45,33.6,29.1,,,,,,,,,
1966-08-01,32.65,33.7,29.6,,,,,,,,,
1966-09-01,32.75,33.8,29.3,,,,,,,,,
1966-10-01,32.85,34.0,29.4,,,,,,,,,
1966-11-01,32.88,34.0,29.2,,,,,,,,,
1966-12-01,32.92,34.1,28.2,,,,,,,,,
1967-01-01,32.9,34.2,28.6,33.4,,31.3,,,,,,
1967-02-01,33.0,34.2,29.0,,,,,,,,,
1967-03-01,33.0,34.3,29.2,,,,,,,,,
1967-04-01,33.1,34.4,29.3,,,,,,,,,
1967-05-01,33.1,34.5,29.4,,,,,,,,,
1967-06-01,33.3,34.6,29.6,,,,,,,,,
1967-07-01,33.4,34.7,30.1,,,,,,,,,
1967-08-01,33.5,34.9,30.5,,,,,,,,,
1967-09-01,33.6,35.0,30.9,,,,,,,,,
1967-10-01,33.7,35.1,30.8,,,,,,,,,
1967-11-01,33.9,35.2,30.9,,,,,,,,,
1967-12-01,34.0,35.4,31.1,,,,,,,,,
1968-01-01,34.1,35.5,31.7,34.8,,32.5,,,,,,
1968-02-01,34.2,35.7,31.4,,,,,,,,,
1968-03-01,34.3,35.8,31.4,,,,,,,,,
1968-04-01,34.4,35.9,31.2,,,,,,,,,
1968-05-01,34.5,36.0,30.7,,,,,,,,,
1968-06-01,34.7,36.2,31.0,,,,,,,,,
1968-07-01,34.9,36.4,31.1,,,,,,,,,
1968-08-01,35.0,36.5,31.3,,,,,,,,,
1968-09-01,35.1,36.7,31.0,,,,,,,,,
1968-10-01,35.3,36.9,30.9,,,,,,,,,
1968-11-01,35.4,37.1,31.0,,,,,,,,,
1968-12-01,35.6,37.2,29.6,,,,,,,,,
1969-01-01,35.7,37.3,29.2,36.7,,34.0,,,,,,
1969-02-01,35.8,37.6,31.3,,,,,,,,,
1969-03-01,36.1,37.8,33.0,,,,,,,,,
1969-04-01,36.3,38.1,32.5,,,,,,,,,
1969-05-01,36.4,38.1,30.8,,,,,,,,,
1969-06-01,36.6,38.3,31.0,,,,,,,,,
1969-07-01,36.8,38.5,30.5,,,,,,,,,
1969-08-01,36.9,38.7,30.5,,,,,,,,,
1969-09-01,37.1,38.9,29.6,,,,,,,,,
1969-10-01,37.3,39.1,30.6,,,,,,,,,
1969-11-01,37.5,39.2,30.6,,,,,,,,,
1969-12-01,37.7,39.4,30.8,,,,,,,,,
1970-01-01,37.9,39.6,30.5,38.8,38.4,35.1,,,,,,
1970-02-01,38.1,39.8,30.2,,,,,,,,,
1970-03-01,38.3,40.1,29.9,,,,,,,,,
1970-04-01,38.5,40.4,30.1,,,,,,,,,
1970-05-01,38.6,40.5,30.9,,,,,,,,,
1970-06-01,38.8,40.8,31.8,,,,,,,,,
1970-07-01,38.9,40.9,31.7,,,,,,,,,
1970-08-01,39.0,41.1,31.4,,,,,,,,,
1970-09-01,39.2,41.3,31.1,,,,,,,,,
1970-10-01,39.4,41.5,31.6,,,,,,,,,
1970-11-01,39.6,41.8,32.2,,,,,,,,,
1970-12-01,39.8,42.0,32.9,,,,,,,,,
1971-01-01,39.9,42.1,32.9,40.5,41.0,36.1,,,,,,
1971-02-01,39.9,42.2,33.0,,,,,,,,,
1971-03-01,40.0,42.2,33.2,,,,,,,,,
1971-04-01,40.1,42.4,33.4,,,,,,,,,
1971-05-01,40.3,42.6,33.4,,,,,,,,,
1971-06-01,40.5,42.8,33.4,,,,,,,,,
1971-07-01,40.6,42.9,33.1,,,,,,,,,
1971-08-01,40.7,43.0,33.1,,,,,,,,,
1971-09-01,40.8,43.0,32.8,,,,,,,,,
1971-10-01,40.9,43.1,32.7,,,,,,,,,
1971-11-01,41.0,43.2,32.5,,,,,,,,,
1971-12-01,41.1,43.3,32.2,,,,,,,,,
1972-01-01,41.2,43.5,32.5,41.8,42.9,37.8,,,,,,
1972-02-01,41.4,43.6,32.4,,,,,,,,,
1972-03-01,41.4,43.6,32.5,,,,,,,,,
1972-04-01,41.5,43.8,32.6,,,,,,,,,
1972-05-01,41.6,43.9,32.7,,,,,,,,,
1972-06-01,41.7,44.0,32.8,,,,,,,,,
1972-07-01,41.8,44.1,32.7,,,,,,,,,
1972-08-01,41.9,44.3,32.8,,,,,,,,,
1972-09-01,42.1,44.3,33.2,,,,,,,,,
1972-10-01,42.2,44.4,33.6,,,,,,,,,
1972-11-01,42.4,44.4,34.1,,,,,,,,,
1972-12-01,42.5,44.6,34.5,,,,,,,,,
1973-01-01,42.7,44.6,34.9,44.4,48.0,40.8,,,,,,
1973-02-01,43.0,44.8,35.6,,,,,,,,,
1973-03-01,43.4,45.0,35.8,,,,,,,,,
1973-04-01,43.7,45.1,36.1,,,,,,,,,
1973-05-01,43.9,45.3,36.0,,,,,,,,,
1973-06-01,44.2,45.4,35.8,,,,,,,,,
1973-07-01,44.2,45.5,35.5,,,,,,,,,
1973-08-01,45.0,45.7,35.2,,,,,,,,,
1973-09-01,45.2,46.0,34.9,,,,,,,,,
1973-10-01,45.6,46.3,34.4,,,,,,,,,
1973-11-01,45.9,46.5,34.2,,,,,,,,,
1973-12-01,46.3,46.7,33.9,,,,,,,,,
1974-01-01,46.8,46.9,33.3,49.3,59.0,45.3,,,,,,
1974-02-01,47.3,47.2,32.8,,,,,,,,,
1974-03-01,47.8,47.6,32.2,,,,,,,,,
1974-04-01,48.1,47.9,32.9,,,,,,,,,
1974-05-01,48.6,48.5,34.1,,,,,,,,,
1974-06-01,49.0,49.0,35.7,,,,,,,,,
1974-07-01,49.3,49.5,36.9,,,,,,,,,
1974-08-01,49.9,50.2,38.1,,,,,,,,,
1974-09-01,50.6,50.7,39.3,,,,,,,,,
1974-10-01,51.0,51.2,40.6,,,,,,,,,
1974-11-01,51.5,51.6,41.9,,,,,,,,,
1974-12-01,51.9,52.0,42.0,,,,,,,,,
1975-01-01,52.3,52.3,42.4,53.8,66.0,50.1,,,,,,
1975-02-01,52.6,52.8,42.7,,,,,,,,,
1975-03-01,52.8,53.0,42.8,,,,,,,,,
1975-04-01,53.0,53.3,42.5,,,,,,,,,
1975-05-01,53.1,53.5,42.4,,,,,,,,,
1975-06-01,53.5,53.8,42.9,,,,,,,,,
1975-07-01,54.0,54.0,43.9,,,,,,,,,
1975-08-01,54.2,54.2,44.7,,,,,,,,,
1975-09-01,54.6,54.5,45.1,,,,,,,,,
1975-10-01,54.9,54.8,45.5,,,,,,,,,
1975-11-01,55.3,55.2,45.8,,,,,,,,,
1975-12-01,55.6,55.5,45.8,,,,,,,,,
1976-01-01,55.8,55.9,45.1,56.9,72.2,53.7,,,,,,
1976-02-01,55.9,56.2,45.8,,,,,,,,,
1976-03-01,56.0,56.5,47.3,,,,,,,,,
1976-04-01,56.1,56.7,48.8,,,,,,,,,
1976-05-01,56.4,57.0,49.8,,,,,,,,,
1976-06-01,56.7,57.2,50.4,,,,,,,,,
1976-07-01,57.0,57.6,51.0,,,,,,,,,
1976-08-01,57.3,57.9,51.7,,,,,,,,,
1976-09-01,57.6,58.2,52.3,,,,,,,,,
1976-10-01,57.9,58.5,52.9,,,,,,,,,
1976-11-01,58.1,58.7,53.6,,,,,,,,,
1976-12-01,58.4,58.9,54.5,,,,,,,,,
1977-01-01,58.7,59.3,55.3,60.6,78.0,58.1,,,,,,
1977-02-01,59.3,59.7,56.3,,,,,,,,,
1977-03-01,59.6,60.0,57.0,,,,,,,,,
1977-04-01,60.0,60.3,57.2,,,,,,,,,
1977-05-01,60.2,60.6,56.7,,,,,,,,,
1977-06-01,60.5,61.0,55.8,,,,,,,,,
1977-07-01,60.8,61.2,54.9,,,,,,,,,
1977-08-01,61.1,61.5,53.9,,,,,,,,,
1977-09-01,61.3,61.8,53.4,,,,,,,,,
1977-10-01,61.6,62.0,52.7,,,,,,,,,
1977-11-01,62.0,62.3,52.6,,,,,,,,,
1977-12-01,62.3,62.7,52.2,,,,,,,,,
1978-01-01,62.7,63.1,52.6,65.2,81.4,63.2,,,,,,
1978-02-01,63.0,63.4,52.8,,,,,,,,,
1978-03-01,63.4,63.8,53.1,,,,,,,,,
1978-04-01,63.9,64.3,53.5,,,,,,,,,
1978-05-01,64.5,64.7,54.3,,,,,,,,,
1978-06-01,65.0,65.2,55.5,,,,,,,,,
1978-07-01,65.5,65.6,56.6,,,,,,,,,
1978-08-01,65.9,66.1,57.4,,,,,,,,,
1978-09-01,66.5,66.7,57.9,,,,,,,,,
1978-10-01,67.1,67.2,58.4,,,,,,,,,
1978-11-01,67.5,67.6,58.8,,,,,,,,,
1978-12-01,67.9,68.0,59.1,,,,,,,,,
1979-01-01,68.5,68.5,57.9,72.6,84.4,69.1,,,,,,
1979-02-01,69.2,69.2,58.7,,,,,,,,,
1979-03-01,69.9,69.8,59.9,,,,,,,,,
1979-04-01,70.6,70.3,61.2,,,,,,,,,
1979-05-01,71.4,70.8,62.3,,,,,,,,,
1979-06-01,72.2,71.3,62.8,,,,,,,,,
1979-07-01,73.0,71.9,62.3,,,,,,,,,
1979-08-01,73.7,72.7,61.3,,,,,,,,,
1979-09-01,74.4,73.3,60.1,,,,,,,,,
1979-10-01,75.2,74.0,59.0,,,,,,,,,
1979-11-01,76.0,74.8,58.3,,,,,,,,,
1979-12-01,76.9,75.7,58.6,,,,,,,,,
1980-01-01,78.0,76.7,59.1,82.4,91.0,76.0,,,,,,
1980-02-01,79.0,77.5,59.4,,,,,,,,,
1980-03-01,80.1,78.6,59.7,,,,,,,,,
1980-04-01,80.9,79.5,59.9,,,,,,,,,
1980-05-01,81.7,80.1,60.2,,,,,,,,,
1980-06-01,82.5,81.0,60.3,,,,,,,,,
1980-07-01,82.6,80.8,60.9,,,,,,,,,
1980-08-01,83.2,81.3,61.5,,,,,,,,,
1980-09-01,83.9,82.1,63.7,,,,,,,,,
1980-10-01,84.7,83.0,65.5,,,,,,,,,
1980-11-01,85.6,83.9,67.8,,,,,,,,,
1980-12-01,86.4,84.9,69.1,,,,,,,,,
1981-01-01,87.2,85.4,70.3,90.9,95.3,85.5,,,,,,
1981-02-01,88.0,85.9,71.3,,,,,,,,,
1981-03-01,88.6,86.4,72.0,,,,,,,,,
1981-04-01,89.1,87.0,72.4,,,,,,,,,
1981-05-01,89.7,87.8,73.8,,,,,,,,,
1981-06-01,90.5,88.6,75.6,,,,,,,,,
1981-07-01,91.5,89.8,77.5,,,,,,,,,
1981-08-01,92.2,90.7,79.1,,,,,,,,,
1981-09-01,93.1,91.8,80.9,,,,,,,,,
1981-10-01,93.4,92.1,82.5,,,,,,,,,
1981-11-01,93.8,92.5,83.3,,,,,,,,,
1981-12-01,94.1,93.0,83.6,,,,,,,,,
1982-01-01,94.4,93.3,84.2,96.5,98.0,94.9,,,,,,
1982-02-01,94.7,93.8,84.9,,,,,,,,,
1982-03-01,94.7,93.9,85.8,,,,,,,,,
1982-04-01,95.0,94.7,86.7,,,,,,,,,
1982-05-01,95.9,95.4,87.8,,,,,,,,,
1982-06-01,97.0,96.1,89.4,,,,,,,,,
1982-07-01,97.5,96.7,90.1,,,,,,,,,
1982-08-01,97.7,97.1,90.4,,,,,,,,,
1982-09-01,97.7,97.2,90.6,,,,,,,,,
1982-10-01,98.1,97.5,90.9,,,,,,,,,
1982-11-01,98.0,97.3,91.8,,,,,,,,,
1982-12-01,97.7,97.2,92.8,,,,,,,100.0,100.0,100.0
1983-01-01,97.9,97.6,93.3,99.6,99.8,100.4,,,,100.4,100.5,101.0
1983-02-01,98.0,98.0,94.0,,,,,,,100.5,100.6,102.1
1983-03-01,98.1,98.2,94.5,,,,,,,100.6,100.6,102.4
1983-04-01,98.8,98.6,95.0,,,,,,,101.2,101.1,102.7
1983-05-01,99.2,98.9,95.5,,,,,,,101.7,101.6,102.9
1983-06-01,99.4,99.2,96.6,,,,,,,102.0,102.0,103.2
1983-07-01,99.8,99.8,98.2,,,,,,,102.4,102.4,103.8
1983-08-01,100.1,100.1,100.2,,,,,,,102.7,102.6,104.5
1983-09-01,100.4,100.5,102.1,,,,,,,103.2,103.1,104.8
1983-10-01,100.8,101.0,103.7,,,,,,,103.4,103.2,105.3
1983-11-01,101.1,101.5,105.5,,,,,,,103.5,103.3,105.8
1983-12-01,101.4,101.8,106.5,,,,,,,103.7,103.4,106.2
1984-01-01,102.1,102.5,107.5,103.9,102.2,104.7,,,,104.4,104.0,107.2
1984-02-01,102.6,102.8,107.5,,,,,,,105.1,104.7,108.3
1984-03-01,102.9,103.2,109.1,,,,,,,105.3,104.8,108.7
1984-04-01,103.3,103.7,110.8,,,,,,,105.7,105.3,109.0
1984-05-01,103.5,104.1,112.7,,,,,,,106.0,105.7,109.3
1984-06-01,103.7,104.5,113.8,,,,,,,106.3,106.1,109.6
1984-07-01,104.1,105.0,114.4,,,,,,,106.7,106.8,110.3
1984-08-01,104.4,105.4,114.9,,,,,,,107.2,107.2,110.8
1984-09-01,104.7,105.8,114.8,,,,,,,107.6,107.7,111.1
1984-10-01,105.1,106.2,114.9,,,,,,,107.8,107.7,111.7
1984-11-01,105.3,106.4,114.9,,,,,,,107.9,107.6,112.3
1984-12-01,105.5,106.8,114.9,,,,,,,108.0,107.8,112.7
1985-01-01,105.7,107.1,115.0,107.6,104.2,108.9,,,,108.3,108.0,113.5
1985-02-01,106.3,107.7,116.3,,,,,,,108.8,108.5,114.3
1985-03-01,106.8,108.1,116.7,,,,,,,109.2,108.9,115.0
1985-04-01,107.0,108.4,116.1,,,,,,,109.7,109.3,115.5
1985-05-01,107.2,108.8,114.6,,,,,,,110.1,110.1,116.0
1985-06-01,107.5,109.1,113.5,,,,,,,110.5,110.7,116.6
1985-07-01,107.7,109.4,112.5,,,,,,,110.8,111.0,117.3
1985-08-01,107.9,109.8,112.0,,,,,,,111.1,111.4,118.1
1985-09-01,108.1,110.0,111.8,,,,,,,111.4,111.7,118.6
1985-10-01,108.5,110.5,111.9,,,,,,,111.7,111.9,119.2
1985-11-01,109.0,111.1,112.1,,,,,,,112.1,112.2,120.0
1985-12-01,109.5,111.4,112.6,,,,,,,112.4,112.5,120.5
1986-01-01,109.9,111.9,112.7,109.6,104.9,113.4,,,,112.9,112.8,121.6
1986-02-01,109.7,112.2,111.8,,,,,,,112.7,112.6,122.9
1986-03-01,109.1,112.5,110.8,,,,,,,112.3,112.6,123.9
1986-04-01,108.7,112.9,109.5,,,,,,,112.3,113.0,124.6
1986-05-01,109.0,113.1,108.6,,,,,,,112.6,113.1,125.1
1986-06-01,109.4,113.4,108.1,,,,,,,113.1,113.8,125.8
1986-07-01,109.5,113.8,107.6,,,,,,,113.3,113.9,126.7
1986-08-01,109.6,114.2,107.1,,,,,,,113.6,114.1,127.5
1986-09-01,110.0,114.6,107.4,,,,,,,114.1,114.5,128.1
1986-10-01,110.2,115.0,107.5,,,,,,,114.2,114.3,128.9
1986-11-01,110.4,115.3,107.6,,,,,,,114.2,114.0,129.6
1986-12-01,110.8,115.6,106.9,,,,,,,114.4,114.1,130.3
1987-01-01,111.4,115.9,106.6,113.6,104.9,118.4,,,,115.2,114.7,131.0
1987-02-01,111.8,116.2,107.5,,,,,,,115.7,115.2,131.8
1987-03-01,112.2,116.6,109.5,,,,,,,116.1,115.7,132.5
1987-04-01,112.7,117.3,111.4,,,,,,,116.7,116.1,133.0
1987-05-01,113.0,117.7,113.1,,,,,,,117.1,116.6,133.4
1987-06-01,113.5,117.9,114.1,,,,,,,117.7,117.3,134.0
1987-07-01,113.8,118.3,115.0,,,,,,,117.9,117.7,134.8
1987-08-01,114.3,118.7,115.4,,,,,,,118.6,118.5,135.3
1987-09-01,114.7,119.2,115.7,,,,,,,119.0,118.6,135.8
1987-10-01,115.0,119.8,115.8,,,,,,,119.3,118.6,136.4
1987-11-01,115.4,120.1,116.1,,,,,,,119.5,118.6,136.9
1987-12-01,115.6,120.4,116.4,,,,,,,119.5,118.7,137.2
1988-01-01,116.0,120.9,115.9,118.3,105.7,123.0,,,,120.0,119.5,138.5
1988-02-01,116.2,121.2,116.4,,,,,,,120.3,119.9,139.5
1988-03-01,116.5,121.7,116.9,,,,,,,120.9,120.5,140.4
1988-04-01,117.2,122.3,117.3,,,,,,,121.5,120.8,141.0
1988-05-01,117.5,122.7,117.4,,,,,,,121.9,121.2,141.8
1988-06-01,118.0,123.2,117.6,,,,,,,122.5,122.0,142.3
1988-07-01,118.5,123.6,117.9,,,,,,,123.0,122.5,143.7
1988-08-01,119.0,124.0,118.5,,,,,,,123.6,123.1,144.4
1988-09-01,119.5,124.7,118.9,,,,,,,124.2,123.3,145.2
1988-10-01,119.9,125.2,119.2,,,,,,,124.6,123.3,146.2
1988-11-01,120.3,125.6,119.2,,,,,,,124.8,123.4,146.9
1988-12-01,120.7,126.0,119.7,,,,,,,124.9,123.7,147.5
1989-01-01,121.2,126.5,121.1,124.0,108.1,129.3,,,,125.7,124.3,149.1
1989-02-01,121.6,126.9,122.3,,,,,,,126.3,124.7,150.6
1989-03-01,122.2,127.4,122.7,,,,,,,127.1,125.4,151.7
1989-04-01,123.1,127.8,122.7,,,,,,,127.9,125.6,152.5
1989-05-01,123.7,128.3,121.7,,,,,,,128.6,126.1,153.3
1989-06-01,124.1,128.8,120.9,,,,,,,129.0,126.9,154.4
1989-07-01,124.5,129.2,120.1,,,,,,,129.6,128.0,155.8
1989-08-01,124.5,129.5,119.1,,,,,,,129.8,128.4,156.9
1989-09-01,124.8,129.9,118.6,,,,,,,130.0,128.5,157.5
1989-10-01,125.4,130.6,118.4,,,,,,,130.8,128.9,158.7
1989-11-01,125.9,131.1,118.6,,,,,,,131.1,129.2,160.1
1989-12-01,126.3,131.6,119.2,,,,,,,131.4,129.6,160.8
1990-01-01,127.5,132.1,119.2,130.7,111.4,135.5,,,,133.0,130.9,162.6
1990-02-01,128.0,132.7,118.7,,,,,,,133.6,131.0,164.4
1990-03-01,128.6,133.5,118.5,,,,,,,134.4,131.8,166.1
1990-04-01,128.9,134.0,118.2,,,,,,,134.6,131.7,167.3
1990-05-01,129.1,134.4,117.6,,,,,,,134.9,132.0,168.7
1990-06-01,129.9,135.1,117.3,,,,,,,135.8,133.2,170.0
1990-07-01,130.5,135.8,117.5,,,,,,,136.6,134.3,172.0
1990-08-01,131.6,136.6,117.2,,,,,,,137.9,135.6,173.7
1990-09-01,132.5,137.1,117.2,,,,,,,138.8,135.8,174.7
1990-10-01,133.4,137.6,116.8,,,,,,,139.6,136.1,176.3
1990-11-01,133.7,138.0,115.4,,,,,,,140.0,136.0,177.8
1990-12-01,134.2,138.6,116.3,,,,,,,140.1,136.1,178.9
1991-01-01,134.7,139.5,116.6,136.2,115.0,143.1,,,,141.2,137.6,180.9
1991-02-01,134.8,140.2,116.6,,,,,,,141.6,138.2,182.9
1991-03-01,134.8,140.5,116.8,,,,,,,141.9,138.5,184.4
1991-04-01,135.1,140.9,117.2,,,,,,,142.0,138.1,185.2
1991-05-01,135.6,141.3,117.9,,,,,,,142.4,138.3,186.1
1991-06-01,136.0,141.8,118.4,,,,,,,142.9,139.0,187.2
1991-07-01,136.2,142.3,119.4,,,,,,,143.2,139.9,188.7
1991-08-01,136.6,142.9,118.7,,,,,,,143.6,140.3,190.1
1991-09-01,137.0,143.4,118.4,,,,,,,144.0,140.3,191.1
1991-10-01,137.2,143.7,118.6,,,,,,,144.1,140.3,192.1
1991-11-01,137.8,144.2,119.0,,,,,,,144.5,140.4,193.2
1991-12-01,138.2,144.7,119.1,,,,,,,144.8,140.8,194.1
1992-01-01,138.3,145.1,118.6,140.3,117.0,145.2,,,,145.4,141.7,195.9
1992-02-01,138.6,145.4,118.0,,,,,,,146.0,142.2,197.9
1992-03-01,139.1,145.9,118.6,,,,,,,146.7,142.7,199.2
1992-04-01,139.4,146.3,120.2,,,,,,,146.8,142.5,199.9
1992-05-01,139.7,146.8,121.3,,,,,,,147.0,142.6,200.6
1992-06-01,140.1,147.1,122.5,,,,,,,147.3,143.5,201.3
1992-07-01,140.5,147.6,123.5,,,,,,,147.8,144.3,202.6
1992-08-01,140.8,147.9,125.0,,,,,,,148.2,144.7,203.4
1992-09-01,141.1,148.1,126.2,,,,,,,148.4,144.3,204.1
1992-10-01,141.7,148.8,127.4,,,,,,,149.0,144.5,205.3
1992-11-01,142.1,149.2,128.3,,,,,,,149.2,144.4,206.3
1992-12-01,142.3,149.6,128.0,,,,,,,149.2,144.5,206.9
1993-01-01,142.8,150.1,127.4,144.5,118.5,147.9,,,,150.1,145.4,208.8
1993-02-01,143.1,150.6,126.0,,,,,,,150.7,145.9,210.5
1993-03-01,143.3,150.8,126.6,,,,,,,151.2,146.5,211.2
1993-04-01,143.8,151.4,128.7,,,,,,,151.7,146.7,212.0
1993-05-01,144.2,151.8,131.5,,,,,,,152.0,146.8,213.3
1993-06-01,144.3,152.1,134.3,,,,,,,152.2,147.8,214.0
1993-07-01,144.5,152.3,136.1,,,,,,,152.4,148.2,215.2
1993-08-01,144.8,152.8,137.5,,,,,,,152.8,148.6,216.0
1993-09-01,145.0,152.9,138.7,,,,,,,152.9,148.5,216.6
1993-10-01,145.6,153.4,139.8,,,,,,,153.4,148.4,217.7
1993-11-01,146.0,153.9,140.7,,,,,,,153.6,148.2,218.3
1993-12-01,146.3,154.3,139.3,,,,,,,153.8,148.6,218.7
1994-01-01,146.3,154.5,136.8,148.2,119.2,148.1,,,,154.4,149.4,220.2
1994-02-01,146.7,154.8,134.1,,,,,,,155.0,150.4,221.7
1994-03-01,147.1,155.3,133.6,,,,,,,155.6,150.8,222.4
1994-04-01,147.2,155.5,135.3,,,,,,,155.7,150.5,223.4
1994-05-01,147.5,155.9,137.9,,,,,,,155.8,150.7,224.1
1994-06-01,147.9,156.4,140.9,,,,,,,156.3,151.5,224.8
1994-07-01,148.4,156.7,142.6,,,,,,,156.9,152.0,226.2
1994-08-01,149.0,157.1,144.0,,,,,,,157.5,152.6,227.1
1994-09-01,149.3,157.5,145.4,,,,,,,157.7,152.3,227.8
1994-10-01,149.4,157.8,147.7,,,,,,,157.9,152.3,229.1
1994-11-01,149.8,158.2,150.1,,,,,,,158.0,152.1,229.8
1994-12-01,150.1,158.3,151.5,,,,,,,158.0,151.9,230.6
1995-01-01,150.5,159.0,152.4,152.4,119.1,151.4,,,,158.9,153.2,232.1
1995-02-01,150.9,159.4,153.3,,,,,,,159.5,153.9,233.5
1995-03-01,151.2,159.9,154.8,,,,,,,160.0,154.4,234.1
1995-04-01,151.8,160.4,156.7,,,,,,,160.5,154.6,234.5
1995-05-01,152.1,160.7,157.7,,,,,,,160.8,154.7,234.9
1995-06-01,152.4,161.1,158.3,,,,,,,161.2,155.6,235.3
1995-07-01,152.6,161.4,157.5,,,,,,,161.5,156.4,236.2
1995-08-01,152.9,161.8,157.0,,,,,,,161.9,156.8,237.0
1995-09-01,153.1,162.2,156.5,,,,,,,162.1,156.6,237.5
1995-10-01,153.5,162.7,157.2,,,,,,,162.5,156.7,238.4
1995-11-01,153.7,163.0,157.8,,,,,,,162.5,156.5,239.0
1995-12-01,153.9,163.1,158.2,,,,,,,162.4,156.7,239.4
1996-01-01,154.7,163.7,158.1,156.9,119.2,153.6,70.4,,,163.5,158.0,240.9
1996-02-01,155.0,164.0,158.4,,,,70.71,,,164.1,158.8,242.0
1996-03-01,155.5,164.4,159.1,,,,71.01,,,164.9,159.4,242.4
1996-04-01,156.1,164.6,158.1,,,,71.14,,,165.4,159.4,242.7
1996-05-01,156.4,165.0,157.4,,,,71.32,,,165.7,159.6,243.1
1996-06-01,156.7,165.4,156.7,,,,71.33,,,165.9,160.2,243.4
1996-07-01,157.0,165.7,156.7,,,,71.31,,,166.5,161.3,244.3
1996-08-01,157.2,166.0,156.6,,,,71.27,,,166.7,161.7,244.8
1996-09-01,157.7,166.5,156.8,,,,71.44,,,167.0,161.3,244.9
1996-10-01,158.2,166.8,156.2,,,,71.52,,,167.6,161.5,245.6
1996-11-01,158.7,167.2,155.7,,,,71.53,,,167.8,161.4,246.0
1996-12-01,159.1,167.4,154.9,,,,71.73,,,167.9,161.6,245.9
1997-01-01,159.4,167.8,154.8,160.5,121.5,156.2,71.95,,,168.6,162.9,247.2
1997-02-01,159.7,168.1,154.7,,,,72.11,,,169.2,163.8,248.0
1997-03-01,159.8,168.4,155.0,,,,72.2,,,169.6,164.1,248.6
1997-04-01,159.9,168.9,154.3,,,,72.18,,,169.7,163.9,249.0
1997-05-01,159.9,169.2,153.5,,,,72.38,,,169.6,163.7,249.5
1997-06-01,160.2,169.4,151.6,,,,72.41,,,169.9,164.8,249.8
1997-07-01,160.4,169.7,150.1,,,,72.46,,,170.3,165.6,250.2
1997-08-01,160.8,169.8,149.0,,,,72.58,,,170.6,165.7,250.6
1997-09-01,161.2,170.2,148.2,,,,72.65,,,170.8,165.4,250.7
1997-10-01,161.5,170.6,147.3,,,,72.69,,,171.2,165.6,251.2
1997-11-01,161.7,170.8,147.0,,,,72.79,,,171.2,165.6,251.7
1997-12-01,161.8,171.2,147.4,,,,72.88,,,171.0,165.6,252.5
1998-01-01,162.0,171.6,148.1,163.0,122.2,157.8,72.82,,,171.5,166.3,253.6
1998-02-01,162.0,171.9,148.7,,,,73.0,,,171.9,166.9,254.9
1998-03-01,162.0,172.2,148.4,,,,73.1,,,172.3,167.3,255.5
1998-04-01,162.2,172.5,148.9,,,,73.28,,,172.6,167.6,256.4
1998-05-01,162.6,172.9,149.9,,,,73.43,,,173.0,167.7,257.2
1998-06-01,162.8,173.2,150.8,,,,73.47,,,173.2,168.6,257.8
1998-07-01,163.2,173.5,151.4,,,,73.47,,,173.6,169.3,258.6
1998-08-01,163.4,174.0,151.4,,,,73.49,,,173.9,169.6,259.5
1998-09-01,163.5,174.2,151.6,,,,73.47,,,173.9,169.5,260.0
1998-10-01,163.9,174.4,152.0,,,,73.45,,,174.3,169.4,260.5
1998-11-01,164.1,174.8,153.0,,,,73.45,,,174.3,169.3,260.9
1998-12-01,164.4,175.4,152.4,,,,73.49,,,174.2,169.2,261.5
1999-01-01,164.7,175.6,150.6,166.6,121.8,160.5,73.44,,,174.7,169.8,263.1
1999-02-01,164.7,175.6,148.3,,,,73.61,,,175.1,170.4,264.3
1999-03-01,164.8,175.7,147.4,,,,73.85,,,175.7,171.0,265.0
1999-04-01,165.9,176.3,148.3,,,,74.11,,,176.8,171.3,265.8
1999-05-01,166.0,176.5,149.6,,,,74.16,,,176.8,171.4,266.3
1999-06-01,166.0,176.6,150.9,,,,74.16,,,177.0,172.5,267.1
1999-07-01,166.7,177.1,152.3,,,,74.26,,,177.6,173.2,268.0
1999-08-01,167.1,177.3,153.8,,,,74.35,,,178.0,173.5,268.9
1999-09-01,167.8,177.8,155.7,,,,74.43,,,178.6,173.7,269.3
1999-10-01,168.1,178.1,156.4,,,,74.47,,,178.9,173.4,269.9
1999-11-01,168.4,178.4,156.1,,,,74.57,,,179.0,173.3,270.6
1999-12-01,168.8,178.7,155.0,,,,74.83,,57.45,179.0,173.2,271.4
2000-01-01,169.3,179.3,153.9,172.2,121.0,164.9,74.86,,58.24,179.8,174.4,272.8
2000-02-01,170.0,179.4,153.0,,,,75.1,,58.89,181.0,175.9,274.4
2000-03-01,171.0,180.0,153.0,,,,75.37,,60.3,182.3,176.6,275.5
2000-04-01,170.9,180.3,154.0,,,,75.45,,59.61,182.4,176.7,276.4
2000-05-01,171.2,180.7,155.4,,,,75.54,,60.36,182.6,176.8,277.0
2000-06-01,172.2,181.1,155.7,,,,75.8,,61.91,183.8,178.6,278.3
2000-07-01,172.7,181.5,155.3,,,,75.87,,62.28,184.2,179.6,279.2
2000-08-01,172.7,181.9,155.2,,,,75.93,,62.18,184.4,179.9,280.5
2000-09-01,173.6,182.3,156.2,,,,76.26,,64.72,185.1,180.3,281.2
2000-10-01,173.9,182.6,157.9,,,,76.3,,64.25,185.4,180.6,281.8
2000-11-01,174.2,183.1,159.3,,,,76.46,,64.84,185.5,180.5,282.3
2000-12-01,174.6,183.3,160.2,,,,76.75,,63.75,185.4,180.7,283.2
2001-01-01,175.6,183.9,160.4,177.1,120.1,169.0,76.43,,62.54,186.9,183.1,285.6
2001-02-01,176.0,184.4,160.4,,,,76.66,,63.38,187.8,183.9,287.7
2001-03-01,176.1,184.7,159.9,,,,77.07,,63.29,188.3,184.7,288.9
2001-04-01,176.4,185.1,159.7,,,,77.54,,63.93,188.9,184.6,290.0
2001-05-01,177.3,185.3,159.1,,,,77.9,,65.18,189.6,185.1,290.6
2001-06-01,177.7,186.0,158.9,,,,78.02,,65.01,190.3,186.6,292.0
2001-07-01,177.4,186.4,158.3,,,,77.84,,63.81,189.8,186.8,292.7
2001-08-01,177.4,186.7,158.0,,,,77.78,,63.23,190.0,187.2,294.2
2001-09-01,178.1,187.1,157.3,,,,77.99,,63.72,190.4,186.4,294.9
2001-10-01,177.6,187.4,157.8,,,,78.06,,62.38,189.7,185.6,295.9
2001-11-01,177.5,188.1,157.4,,,,78.01,,61.47,189.5,185.7,296.8
2001-12-01,177.4,188.4,157.2,,,,78.36,74.09,60.81,188.9,185.5,297.4
2002-01-01,177.7,188.7,155.6,179.9,119.0,172.8,78.45,74.65,61.43,189.7,186.5,299.8
2002-02-01,178.0,189.1,153.9,,,,78.58,74.86,61.6,190.5,187.6,301.4
2002-03-01,178.5,189.2,152.1,,,,79.02,75.29,62.35,191.5,188.4,302.5
2002-04-01,179.3,189.7,151.8,,,,79.38,75.79,63.66,192.4,188.7,303.6
2002-05-01,179.5,190.0,151.8,,,,79.52,75.76,63.38,192.4,188.9,304.6
2002-06-01,179.6,190.2,152.2,,,,79.49,75.79,62.77,192.7,190.0,305.3
2002-07-01,180.0,190.5,152.7,,,,79.41,75.81,62.86,193.1,190.5,307.2
2002-08-01,180.5,191.1,153.4,,,,79.46,76.03,63.09,193.6,191.0,308.1
2002-09-01,180.8,191.3,152.2,,,,79.66,76.25,63.69,193.8,190.7,308.6
2002-10-01,181.2,191.5,150.7,,,,79.85,76.38,64.02,194.1,190.7,310.2
2002-11-01,181.5,191.9,148.8,,,,79.79,76.39,62.97,194.2,190.5,311.7
2002-12-01,181.8,192.1,148.5,,,,80.17,76.18,63.15,193.9,190.3,312.4
2003-01-01,182.6,192.4,148.3,184.0,118.7,177.6,80.14,76.45,65.19,194.8,191.6,313.9
2003-02-01,183.6,192.5,148.4,,,,80.46,77.17,66.37,196.3,192.8,315.2
2003-03-01,183.9,192.5,148.5,,,,80.93,77.73,67.08,197.4,194.1,315.7
2003-04-01,183.2,192.5,148.4,,,,81.05,77.5,65.2,197.0,193.7,316.2
2003-05-01,182.9,192.9,147.9,,,,81.0,77.28,63.88,196.9,194.1,317.1
2003-06-01,183.1,193.0,147.4,,,,81.1,77.39,63.84,197.2,194.9,317.9
2003-07-01,183.7,193.4,145.7,,,,80.98,77.39,64.21,197.6,195.7,319.4
2003-08-01,184.5,193.6,143.3,,,,81.1,77.72,64.85,198.2,195.8,320.4
2003-09-01,185.1,193.7,139.0,,,,81.39,78.09,64.82,198.5,195.4,321.3
2003-10-01,184.9,194.0,135.1,,,,81.51,77.91,64.63,198.6,195.5,322.0
2003-11-01,185.0,194.0,132.0,,,,81.54,77.67,64.5,198.1,194.7,323.0
2003-12-01,185.5,194.2,131.0,,,,81.79,77.56,64.38,198.0,194.7,324.3
2004-01-01,186.3,194.6,131.8,188.9,118.7,180.9,81.61,77.96,65.08,199.2,196.2,326.0
2004-02-01,186.7,194.9,131.8,,,,81.8,78.44,65.04,200.3,197.0,328.5
2004-03-01,187.1,195.5,131.8,,,,82.32,78.89,65.88,201.7,198.5,330.0
2004-04-01,187.4,195.9,131.6,,,,82.74,79.15,66.59,202.4,199.2,330.9
2004-05-01,188.2,196.2,131.8,,,,83.01,79.71,68.21,203.3,199.6,331.8
2004-06-01,188.9,196.6,129.9,,,,83.05,79.99,67.73,204.2,201.3,332.9
2004-07-01,189.1,196.8,130.9,,,,82.88,79.75,68.12,204.3,202.1,333.9
2004-08-01,189.2,196.9,132.0,,,,83.04,79.75,69.14,204.3,202.4,334.6
2004-09-01,189.8,197.5,135.5,,,,83.14,79.99,69.05,204.4,201.9,335.4
2004-10-01,190.8,197.9,136.7,,,,83.46,80.53,70.96,205.4,201.9,336.5
2004-11-01,191.7,198.3,137.7,,,,83.4,80.68,70.17,205.4,201.4,337.2
2004-12-01,191.7,198.6,138.4,,,,83.72,80.3,68.91,204.7,201.2,338.0
2005-01-01,191.6,199.0,138.6,195.3,118.3,184.9,83.2,80.36,69.13,205.4,202.5,339.8
2005-02-01,192.4,199.4,138.4,,,,83.5,80.79,70.05,206.7,203.8,342.6
2005-03-01,193.1,200.1,138.3,,,,84.12,81.4,71.66,208.6,206.1,343.8
2005-04-01,193.7,200.2,138.4,,,,84.47,82.15,73.29,209.8,206.3,344.6
2005-05-01,193.6,200.5,138.8,,,,84.66,82.11,72.87,209.5,205.9,345.5
2005-06-01,193.7,200.6,139.3,,,,84.75,82.09,74.04,209.7,207.1,346.2
2005-07-01,194.9,200.9,139.9,,,,84.66,82.44,76.03,210.9,208.6,347.5
2005-08-01,196.1,201.1,140.1,,,,84.86,83.01,77.04,211.6,208.8,347.5
2005-09-01,198.8,201.3,140.3,,,,85.3,84.52,79.36,213.4,208.3,348.1
2005-10-01,199.1,202.0,140.2,,,,85.52,84.61,79.6,214.3,210.3,349.7
2005-11-01,198.1,202.5,140.3,,,,85.33,83.75,77.24,213.0,210.1,351.6
2005-12-01,198.1,202.8,140.2,,,,85.62,83.25,76.69,212.1,209.6,351.8
2006-01-01,199.3,203.2,140.3,201.6,118.7,188.5,85.24,83.95,78.55,213.8,211.5,352.9
2006-02-01,199.4,203.6,140.4,,,,85.48,84.02,78.88,214.4,212.1,355.7
2006-03-01,199.7,204.3,140.8,,,,85.98,84.45,79.24,215.5,213.0,357.4
2006-04-01,200.7,204.8,141.0,,,,86.55,85.27,81.44,217.0,213.4,358.4
2006-05-01,201.3,205.4,141.1,,,,86.79,85.76,82.28,217.8,213.9,359.3
2006-06-01,201.8,205.9,141.0,,,,86.85,85.87,82.22,218.5,215.4,359.7
2006-07-01,202.9,206.3,140.7,,,,86.75,86.04,83.31,219.2,216.4,360.8
2006-08-01,203.8,206.8,140.4,,,,86.83,86.23,83.38,219.6,217.0,361.6
2006-09-01,202.8,207.2,139.9,,,,86.83,85.68,80.7,218.7,216.8,362.1
2006-10-01,201.9,207.6,139.0,,,,86.9,84.95,79.27,217.8,216.2,362.9
2006-11-01,202.0,207.8,138.3,,,,86.94,84.77,78.89,217.5,216.3,363.5
2006-12-01,203.1,208.1,137.2,,,,87.27,84.92,78.98,217.8,216.5,363.4
2007-01-01,203.437,208.6,136.169,207.3,118.7,192.7,86.83,85.09,79.25,218.826,218.093,367.151
2007-02-01,204.226,209.135,135.533,,,,87.08,85.53,79.49,220.078,219.364,369.98
2007-03-01,205.288,209.418,135.201,,,,87.66,86.46,80.69,221.819,220.385,370.639
2007-04-01,205.904,209.747,134.995,,,,88.22,87.13,81.79,223.102,220.999,371.732
2007-05-01,206.755,210.058,134.653,,,,88.43,87.83,82.55,224.175,221.235,372.426
2007-06-01,207.234,210.392,134.57,,,,88.52,87.92,82.99,224.812,223.014,372.853
2007-07-01,207.603,210.773,134.748,,,,88.31,87.77,83.37,224.928,223.668,375.109
2007-08-01,207.667,211.119,135.255,,,,88.37,87.53,82.66,224.594,223.522,376.359
2007-09-01,208.547,211.554,136.022,,,,88.71,87.88,83.17,224.936,223.2,377.094
2007-10-01,209.19,212.077,136.707,,,,89.15,88.09,83.66,225.394,223.104,379.11
2007-11-01,210.834,212.66,137.559,,,,89.63,88.82,86.51,226.567,223.194,380.707
2007-12-01,211.445,213.168,137.855,,,,89.98,88.72,86.23,226.538,223.368,381.359
2008-01-01,212.174,213.771,138.938,215.3,120.3,197.2,89.67,89.14,87.67,227.885,224.93,384.385
2008-02-01,212.687,213.939,138.818,,,,89.98,89.38,87.78,228.715,225.998,386.181
2008-03-01,213.448,214.42,138.541,,,,90.87,90.28,89.78,230.681,227.851,387.007
2008-04-01,213.942,214.56,137.659,,,,91.17,91.01,90.7,231.822,228.246,387.182
2008-05-01,215.208,214.936,136.393,,,,91.74,92.04,93.89,233.498,229.118,387.308
2008-06-01,217.463,215.424,135.02,,,,92.09,93.16,96.35,235.773,231.403,387.624
2008-07-01,219.016,215.965,133.709,,,,91.95,93.7,97.61,237.164,233.331,387.994
2008-08-01,218.69,216.393,132.535,,,,91.82,93.22,94.73,236.201,232.549,388.462
2008-09-01,218.877,216.713,131.176,,,,92.0,93.08,94.41,235.531,231.128,389.017
2008-10-01,216.995,216.788,129.407,,,,92.03,91.82,91.79,233.486,230.08,389.797
2008-11-01,213.153,216.947,128.048,,,,91.59,89.49,87.31,229.762,228.745,390.713
2008-12-01,211.398,216.925,127.323,,,,91.47,88.29,83.27,227.782,228.067,391.275
2009-01-01,211.933,217.346,126.668,214.5,118.7,197.7,90.73,88.67,83.29,228.9,229.176,394.216
2009-02-01,212.705,217.792,124.405,,,,91.1,89.2,83.74,229.939,229.552,396.786
2009-03-01,212.495,218.253,122.21,,,,91.44,89.4,82.76,230.483,229.924,397.619
2009-04-01,212.709,218.706,121.887,,,,91.76,89.66,82.96,230.832,229.531,398.674
2009-05-01,213.022,218.904,122.533,,,,91.8,90.02,83.28,231.249,229.153,399.537
2009-06-01,214.79,219.112,123.236,,,,91.99,91.01,85.35,233.04,230.39,399.668
2009-07-01,214.726,219.263,122.844,,,,91.38,90.81,83.85,232.878,230.537,400.265
2009-08-01,215.445,219.496,125.011,,,,91.69,91.09,85.35,233.055,230.111,401.201
2009-09-01,215.861,219.92,127.631,,,,91.71,91.26,84.29,232.937,229.265,402.415
2009-10-01,216.509,220.501,132.475,,,,91.92,91.38,84.13,233.16,228.806,403.267
2009-11-01,217.234,220.666,135.73,,,,92.02,91.62,85.27,233.111,227.715,404.151
2009-12-01,217.347,220.881,139.376,,,,92.31,91.45,84.81,232.755,227.369,404.096
2010-01-01,217.488,220.633,142.829,218.1,117.8,201.3,91.56,91.88,86.61,233.62,227.846,407.539
2010-02-01,217.281,220.731,143.173,,,,91.85,91.93,86.51,233.758,227.756,410.662
2010-03-01,217.353,220.783,142.377,,,,92.86,92.46,88.71,234.563,227.917,411.933
2010-04-01,217.403,220.822,141.68,,,,93.24,92.68,90.47,234.932,227.752,412.488
2010-05-01,217.29,220.962,140.952,,,,93.35,92.78,90.99,235.101,227.915,412.668
2010-06-01,217.199,221.194,141.951,,,,93.35,92.64,90.65,235.02,228.615,413.224
2010-07-01,217.605,221.363,142.512,,,,92.95,92.66,90.71,235.077,228.938,413.074
2010-08-01,217.923,221.509,143.42,,,,93.13,92.81,90.58,235.278,228.866,413.726
2010-09-01,218.275,221.711,144.032,,,,93.42,92.88,90.84,235.374,228.487,415.827
2010-10-01,219.035,221.83,144.313,,,,93.71,93.0,91.37,235.608,228.074,416.394
2010-11-01,219.59,222.149,144.751,,,,93.79,93.01,92.08,235.686,227.738,416.881
2010-12-01,220.472,222.343,145.669,,,,94.36,93.19,94.19,236.077,228.12,417.226
2011-01-01,221.187,222.803,146.478,224.9,117.5,207.2,93.69,93.75,97.0,237.2,228.802,419.347
2011-02-01,221.898,223.213,146.182,,,,94.08,94.32,97.83,238.348,229.383,422.725
2011-03-01,223.046,223.454,145.646,,,,95.35,95.52,100.27,240.272,229.885,423.483
2011-04-01,224.093,223.727,145.542,,,,95.89,96.32,101.73,241.514,230.091,424.548
2011-05-01,224.806,224.175,146.476,,,,95.9,96.9,101.09,242.536,230.683,425.235
2011-06-01,224.806,224.697,148.518,,,,95.89,96.71,100.57,242.517,231.72,425.59
2011-07-01,225.395,225.218,149.971,,,,95.34,96.76,101.42,242.792,232.396,426.361
2011-08-01,226.106,225.862,151.312,,,,95.52,97.04,101.24,243.309,232.653,426.993
2011-09-01,226.597,226.118,151.677,,,,96.22,97.2,102.14,243.626,232.676,427.755
2011-10-01,226.75,226.506,151.986,,,,96.55,96.86,102.74,243.262,232.302,429.376
2011-11-01,227.169,226.899,152.187,,,,96.64,96.7,103.4,243.141,232.135,430.659
2011-12-01,227.223,227.405,152.083,,,,96.96,96.33,103.32,242.757,232.294,431.51
2012-01-01,227.842,227.877,151.106,229.6,117.5,210.3,96.18,96.82,105.96,243.82,232.965,433.925
2012-02-01,228.329,228.034,149.893,,,,96.66,97.35,107.18,244.783,233.252,436.478
2012-03-01,228.807,228.478,149.265,,,,97.91,98.24,108.86,246.291,233.694,437.35
2012-04-01,229.187,228.905,150.053,,,,98.36,98.56,110.03,246.995,233.935,438.249
2012-05-01,228.713,229.224,151.587,,,,98.23,98.39,108.5,246.813,234.161,439.372
2012-06-01,228.524,229.623,152.263,,,,98.15,98.17,106.7,246.716,235.221,440.678
2012-07-01,228.59,229.97,151.97,,,,97.64,98.09,107.61,246.49,235.553,442.129
2012-08-01,229.918,230.233,150.871,,,,98.02,98.64,110.2,247.568,235.975,442.421
2012-09-01,231.015,230.659,149.647,,,,98.73,99.14,111.41,248.462,236.222,443.242
2012-10-01,231.638,231.024,148.986,,,,98.96,99.03,110.9,248.36,236.02,443.643
2012-11-01,231.249,231.33,148.932,,,,98.76,98.37,109.3,247.536,236.17,443.502
2012-12-01,231.221,231.725,149.243,,,,99.11,97.99,108.71,247.107,236.399,443.425
2013-01-01,231.679,232.229,149.741,,,,98.09,98.3,110.08,247.895,237.139,445.688
2013-02-01,232.937,232.569,149.789,,,,98.45,99.28,111.35,249.631,237.754,448.085
2013-03-01,232.282,232.794,148.912,,,,99.61,99.57,110.65,250.206,237.998,449.021
2013-04-01,231.797,232.832,148.577,,,,99.52,99.39,109.56,250.065,238.319,448.644
2013-05-01,231.893,232.996,148.501,,,,99.63,99.57,108.23,250.503,239.202,447.636
2013-06-01,232.445,233.35,148.742,,,,99.73,99.82,108.35,251.15,240.424,448.991
2013-07-01,232.9,233.88,149.058,,,,99.2,99.83,109.26,251.301,240.794,449.478
2013-08-01,233.456,234.336,149.539,,,,99.32,99.89,109.8,251.558,240.95,451.497
2013-09-01,233.544,234.7,150.458,,,,99.8,99.97,110.33,251.785,241.225,452.454
2013-10-01,233.669,234.921,151.248,,,,99.68,99.56,108.96,251.256,240.807,452.634
2013-11-01,234.1,235.359,151.993,,,,99.6,99.21,108.1,250.917,240.976,452.29
2013-12-01,234.719,235.759,152.457,,,,99.95,99.12,108.7,250.98,241.479,451.329
2014-01-01,235.288,235.961,151.535,,,,98.84,99.54,108.69,252.091,242.961,453.944
2014-02-01,235.547,236.185,150.718,,,,99.14,99.97,108.75,253.068,243.657,457.39
2014-03-01,236.028,236.625,149.641,,,,100.07,100.74,108.37,254.521,244.73,458.07
2014-04-01,236.468,237.072,149.217,,,,100.22,101.13,108.28,255.176,244.444,458.895
2014-05-01,236.918,237.529,149.006,,,,100.11,101.54,108.2,256.144,245.513,459.906
2014-06-01,237.231,237.837,148.921,,,,100.22,101.73,108.44,256.654,246.649,460.453
2014-07-01,237.498,238.195,149.216,,,,99.57,101.6,108.18,256.652,247.257,461.067
2014-08-01,237.46,238.405,149.472,,,,99.68,101.3,107.58,256.305,247.365,460.943
2014-09-01,237.477,238.786,149.859,,,,100.12,101.32,107.74,256.479,247.455,461.745
2014-10-01,237.43,239.191,148.954,,,,100.06,100.9,106.79,256.078,247.269,462.293
2014-11-01,236.983,239.458,147.488,,,,99.88,100.09,105.33,255.126,247.156,463.81
2014-12-01,236.252,239.584,145.83,,,,99.78,99.29,101.85,254.12,247.439,465.191
2015-01-01,234.747,239.811,144.875,,,,98.24,98.6,98.62,253.383,248.288,466.452
2015-02-01,235.342,240.172,147.264,,,,98.85,99.1,100.17,254.369,248.867,468.225
2015-03-01,235.976,240.755,147.694,,,,100.0,99.8,101.91,255.612,249.337,469.538
2015-04-01,236.222,241.346,148.404,,,,100.43,99.99,102.01,256.168,249.725,472.187
2015-05-01,237.001,241.688,149.29,,,,100.71,100.61,102.96,257.238,250.161,472.838
2015-06-01,237.657,242.064,149.48,,,,100.72,100.96,102.86,258.201,251.682,472.114
2015-07-01,238.034,242.565,149.078,,,,100.11,100.88,102.14,258.3,252.192,472.763
2015-08-01,238.033,242.817,148.295,,,,100.12,100.6,99.89,257.978,252.4,472.669
2015-09-01,237.498,243.316,147.554,,,,100.32,100.29,98.2,257.695,252.715,473.264
2015-10-01,237.733,243.768,146.397,,,,100.45,100.14,97.68,257.741,252.548,475.79
2015-11-01,238.017,244.241,144.85,,,,100.01,99.77,97.67,257.402,252.519,477.197
2015-12-01,237.761,244.547,143.955,,,,100.03,99.25,95.9,256.758,252.71,476.964
2016-01-01,237.652,244.955,144.638,,,,98.56,99.37,93.3,257.334,253.625,480.228
2016-02-01,237.336,245.51,143.979,,,,98.73,99.4,92.07,257.76,254.278,484.49
2016-03-01,238.08,245.913,143.659,,,,99.96,99.9,93.03,258.706,254.755,484.891
2016-04-01,238.992,246.551,145.475,,,,100.17,100.44,93.1,259.773,255.064,486.327
2016-05-01,239.557,247.137,146.416,,,,100.59,100.88,94.64,260.798,256.163,487.332
2016-06-01,240.222,247.54,144.887,,,,100.77,101.21,96.25,261.689,257.698,488.271
2016-07-01,240.101,247.829,143.27,,,,100.28,100.89,95.29,261.501,258.399,490.6
2016-08-01,240.545,248.423,142.803,,,,100.34,100.9,94.29,261.846,259.011,494.954
2016-09-01,241.176,248.842,144.851,,,,100.72,101.1,95.26,262.418,259.676,495.813
2016-10-01,241.741,249.142,142.217,,,,100.96,101.16,96.78,262.724,259.822,495.965
2016-11-01,242.026,249.481,139.975,,,,100.6,100.83,96.61,262.518,259.885,496.02
2016-12-01,242.637,249.92,139.457,,,,101.13,100.79,98.35,262.678,260.459,496.118
2017-01-01,243.618,250.467,138.761,,,,100.26,101.5,100.84,264.153,261.654,498.53
2017-02-01,244.006,250.998,138.713,,,,100.66,101.85,100.65,265.079,262.509,501.473
2017-03-01,243.892,250.944,139.232,,,,101.49,101.91,99.88,265.357,262.794,501.397
2017-04-01,244.193,251.227,138.596,,,,102.07,102.26,100.14,266.03,263.328,500.053
2017-05-01,244.004,251.43,138.601,,,,101.98,102.32,98.95,266.308,264.176,499.941
2017-06-01,244.163,251.746,137.691,,,,102.08,102.35,98.05,266.665,265.42,500.91
2017-07-01,244.243,251.985,136.872,,,,101.62,102.16,97.39,266.581,265.684,502.758
2017-08-01,245.183,252.535,136.875,,,,101.89,102.44,98.04,267.224,266.442,503.804
2017-09-01,246.435,252.812,135.033,,,,102.29,103.07,99.02,268.318,266.838,503.285
2017-10-01,246.626,253.526,137.803,,,,102.34,102.86,99.67,268.306,267.063,503.967
2017-11-01,247.284,253.816,138.261,,,,102.14,102.77,101.15,268.372,267.116,504.02
2017-12-01,247.805,254.344,138.123,,,,102.49,102.58,101.25,268.379,267.79,504.72
2018-01-01,248.859,255.204,138.559,,,,101.56,103.23,103.09,269.83,268.912,508.194
2018-02-01,249.529,255.711,138.643,,,,101.78,103.79,102.82,270.961,269.806,510.03
2018-03-01,249.577,256.271,138.212,,,,102.91,104.01,101.94,271.618,270.599,511.204
2018-04-01,250.227,256.63,137.876,,,,103.32,104.47,102.73,272.533,271.182,511.181
2018-05-01,250.792,257.145,138.533,,,,103.97,104.96,105.04,273.568,272.095,512.162
2018-06-01,251.018,257.399,137.952,,,,104.09,105.09,105.96,274.1,272.906,513.335
2018-07-01,251.214,257.699,137.608,,,,103.85,105.01,106.68,274.185,273.54,512.477
2018-08-01,251.663,257.891,138.093,,,,104.01,104.99,107.16,274.314,274.222,511.861
2018-09-01,252.182,258.368,136.92,,,,104.42,105.08,108.5,274.534,274.251,512.058
2018-10-01,252.772,258.917,138.247,,,,104.68,105.21,110.41,274.872,274.627,512.304
2018-11-01,252.594,259.439,139.763,,,,104.1,104.65,110.39,274.317,274.846,513.821
2018-12-01,252.767,260.063,140.18,,,,104.05,104.15,106.79,273.824,275.752,513.901
2019-01-01,252.561,260.766,142.214,,,,102.97,104.34,105.84,274.508,276.738,516.623
2019-02-01,253.319,261.186,142.272,,,,103.3,104.83,106.49,275.541,277.531,517.378
2019-03-01,254.277,261.567,141.218,,,,104.35,105.51,107.39,276.859,278.353,518.234
2019-04-01,255.233,261.997,139.895,,,,105.1,106.14,108.14,278.102,278.949,519.168
2019-05-01,255.296,262.217,138.573,,,,105.24,106.36,109.08,278.668,279.626,520.461
2019-06-01,255.213,262.739,138.241,,,,105.41,106.29,107.77,278.892,281.046,520.849
2019-07-01,255.802,263.28,138.132,,,,104.91,106.44,107.17,279.393,281.683,522.766
2019-08-01,256.036,263.877,138.686,,,,105.06,106.34,106.53,279.421,281.853,525.644
2019-09-01,256.43,264.388,138.694,,,,105.29,106.36,106.52,279.587,282.343,526.043
2019-10-01,257.155,264.97,139.701,,,,105.44,106.59,106.94,280.303,282.438,530.258
2019-11-01,257.879,265.548,139.579,,,,105.1,106.42,106.91,280.376,282.701,531.455
2019-12-01,258.63,266.02,140.088,,,,105.43,106.22,107.02,280.315,283.014,533.718
2020-01-01,258.906,266.698,139.424,,,,104.37,106.66,107.87,281.482,284.245,535.859
2020-02-01,259.246,267.402,140.593,,,,104.56,106.98,106.12,282.284,285.084,537.515
2020-03-01,258.15,267.068,141.667,,,,105.13,106.61,102.6,281.778,285.044,538.926
2020-04-01,256.126,265.796,138.89,,,,105.43,105.64,97.69,280.266,284.946,539.884
2020-05-01,255.848,265.461,137.922,,,,105.33,105.57,96.05,280.306,285.594,541.194
2020-06-01,257.004,265.839,134.156,,,,105.69,106.29,97.72,281.716,286.63,542.476
2020-07-01,258.408,267.373,136.77,,,,105.32,106.92,98.18,282.939,287.259,544.195
2020-08-01,259.366,268.39,144.102,,,,104.88,107.3,98.2,283.593,287.653,544.2
2020-09-01,259.951,268.9,152.968,,,,104.96,107.46,97.76,283.885,287.932,543.56
2020-10-01,260.249,269.28,155.964,,,,105.15,107.44,98.12,284.006,287.87,541.963
2020-11-01,260.895,269.967,154.817,,,,104.8,107.33,97.99,283.922,288.15,541.121
2020-12-01,262.005,270.34,154.216,,,,105.15,107.42,99.6,284.217,288.629,540.111
2021-01-01,262.518,270.422,153.361,,,,105.32,107.96,103.38,285.422,289.354,544.073
2021-02-01,263.583,270.813,153.647,,,,105.54,108.66,104.36,286.939,290.235,546.554
2021-03-01,264.91,271.461,154.93,,,,106.53,109.6,107.05,288.726,291.182,547.163
2021-04-01,266.752,273.665,168.006,,,,107.14,110.71,107.81,290.74,292.451,547.32
2021-05-01,268.452,275.494,178.929,,,,107.42,111.77,108.64,292.759,293.991,546.655
2021-06-01,270.664,277.585,194.846,,,,107.7,113.0,110.02,295.083,295.769,545.882
2021-07-01,271.994,278.612,193.734,,,,107.6,113.6,112.26,296.456,297.07,547.273
2021-08-01,272.789,278.993,190.066,,,,107.98,113.81,113.36,297.114,297.873,548.433
2021-09-01,273.887,279.71,190.308,,,,108.49,114.06,114.92,297.988,299.332,548.257
2021-10-01,276.434,281.623,197.214,,,,109.41,115.12,121.37,300.259,301.038,550.515
2021-11-01,278.799,283.393,203.485,,,,109.9,115.7,124.93,301.615,302.162,551.298
2021-12-01,280.808,285.221,211.728,,,,110.37,116.02,125.39,302.457,303.339,552.011
2022-01-01,282.39,286.811,215.494,,,,110.7,117.14,133.13,304.894,305.662,556.935
2022-02-01,284.535,288.287,216.876,,,,111.74,118.38,137.72,307.436,307.336,558.554
2022-03-01,287.553,289.041,209.646,,,,114.46,120.29,154.5,311.088,309.467,560.996
2022-04-01,288.764,290.515,206.194,,,,115.11,121.01,148.28,312.884,311.133,562.698
2022-05-01,291.359,292.072,207.673,,,,116.07,122.53,151.17,316.166,313.939,564.315
2022-06-01,294.996,293.972,208.687,,,,117.01,124.45,156.25,320.045,317.101,567.327
2022-07-01,294.977,295.055,206.552,,,,117.14,124.2,156.7,320.337,318.529,570.005
2022-08-01,295.209,296.569,204.837,,,,117.85,123.88,157.16,320.72,320.808,573.577
2022-09-01,296.341,298.284,203.94,,,,119.26,123.93,161.71,321.745,322.979,576.238
2022-10-01,297.863,299.351,201.171,,,,121.03,124.33,171.75,323.141,324.476,574.425
2022-11-01,298.648,300.292,196.659,,,,120.95,123.91,168.53,323.19,325.493,571.874
2022-12-01,298.812,301.423,193.008,,,,120.52,123.13,157.4,322.838,327.6,572.331
2023-01-01,300.356,302.709,190.423,,,,120.27,124.11,158.32,325.52,330.768,573.873
2023-02-01,301.509,304.124,187.711,,,,121.24,124.7,156.56,327.499,332.944,572.689
2023-03-01,301.744,305.112,186.619,,,,122.34,124.94,153.05,328.457,333.901,571.722
2023-04-01,303.032,306.539,192.647,,,,123.11,125.63,151.66,329.868,334.785,571.696
2023-05-01,303.365,307.646,198.793,,,,123.14,125.8,148.45,330.663,335.706,572.61
2023-06-01,304.003,308.245,197.601,,,,123.45,126.15,147.44,331.791,337.554,573.329
2023-07-01,304.628,308.945,194.701,,,,123.32,126.28,147.11,332.545,338.703,573.526
2023-08-01,306.187,309.656,191.078,,,,124.0,126.94,151.9,334.032,339.847,575.448
2023-09-01,307.288,310.644,187.65,,,,124.4,127.12,154.22,335.069,341.692,576.104
2023-10-01,307.531,311.39,186.879,,,,124.51,126.97,152.45,335.102,342.088,576.698
2023-11-01,308.024,312.349,189.444,,,,123.82,126.49,149.12,334.876,343.074,578.671
2023-12-01,308.742,313.209,190.57,,,,124.02,126.16,146.8,334.758,343.991,580.395
2024-01-01,309.685,314.438,184.15,,,,123.58,126.92,148.57,336.898,346.783,584.038
