,Producer Price Index by Commodity: All Commodities,"Producer Price Index by Commodity: Pulp, Paper, and Allied Products: Wood Pulp",Producer Price Index by Industry: Plastics Material and Resin Manufacturing
1928-01-01,16.6,9.0,
1928-02-01,16.5,9.0,
1928-03-01,16.5,9.0,
1928-04-01,16.7,9.0,
1928-05-01,16.8,9.0,
1928-06-01,16.7,9.0,
1928-07-01,16.8,9.0,
1928-08-01,16.8,9.0,
1928-09-01,17.0,8.9,
1928-10-01,16.7,8.9,
1928-11-01,16.5,8.9,
1928-12-01,16.5,8.9,
1929-01-01,16.5,8.8,
1929-02-01,16.4,8.8,
1929-03-01,16.6,8.8,
1929-04-01,16.5,8.8,
1929-05-01,16.3,8.9,
1929-06-01,16.4,9.0,
1929-07-01,16.6,9.0,
1929-08-01,16.6,9.0,
1929-09-01,16.6,9.0,
1929-10-01,16.4,9.0,
1929-11-01,16.1,9.0,
1929-12-01,16.1,9.0,
1930-01-01,15.9,9.0,
1930-02-01,15.7,9.0,
1930-03-01,15.5,8.9,
1930-04-01,15.5,8.8,
1930-05-01,15.3,8.5,
1930-06-01,15.0,8.5,
1930-07-01,14.5,8.7,
1930-08-01,14.5,8.7,
1930-09-01,14.5,8.7,
1930-10-01,14.3,8.7,
1930-11-01,14.0,8.7,
1930-12-01,13.7,8.7,
1931-01-01,13.5,8.7,
1931-02-01,13.2,8.7,
1931-03-01,13.1,8.5,
1931-04-01,12.9,8.1,
1931-05-01,12.6,8.0,
1931-06-01,12.4,8.0,
1931-07-01,12.4,8.0,
1931-08-01,12.4,8.0,
1931-09-01,12.3,7.9,
1931-10-01,12.1,7.8,
1931-11-01,12.1,7.7,
1931-12-01,11.8,7.7,
1932-01-01,11.6,7.0,
1932-02-01,11.4,6.6,
1932-03-01,11.4,6.6,
1932-04-01,11.3,6.5,
1932-05-01,11.1,6.5,
1932-06-01,11.0,6.5,
1932-07-01,11.1,6.5,
1932-08-01,11.2,6.5,
1932-09-01,11.3,6.4,
1932-10-01,11.1,6.4,
1932-11-01,11.0,6.4,
1932-12-01,10.8,6.0,
1933-01-01,10.5,6.0,
1933-02-01,10.3,6.0,
1933-03-01,10.4,6.0,
1933-04-01,10.4,6.0,
1933-05-01,10.8,6.0,
1933-06-01,11.2,6.1,
1933-07-01,11.9,6.5,
1933-08-01,12.0,7.0,
1933-09-01,12.2,7.1,
1933-10-01,12.3,7.5,
1933-11-01,12.3,7.6,
1933-12-01,12.2,7.5,
1934-01-01,12.4,7.9,
1934-02-01,12.7,7.9,
1934-03-01,12.7,7.9,
1934-04-01,12.7,7.9,
1934-05-01,12.7,7.9,
1934-06-01,12.9,7.9,
1934-07-01,12.9,7.9,
1934-08-01,13.2,7.9,
1934-09-01,13.4,7.9,
1934-10-01,13.2,7.9,
1934-11-01,13.2,7.9,
1934-12-01,13.3,7.8,
1935-01-01,13.6,7.7,
1935-02-01,13.7,7.7,
1935-03-01,13.7,7.4,
1935-04-01,13.8,7.2,
1935-05-01,13.8,7.2,
1935-06-01,13.8,7.2,
1935-07-01,13.7,7.2,
1935-08-01,13.9,7.2,
1935-09-01,13.9,7.2,
1935-10-01,13.9,7.2,
1935-11-01,13.9,7.2,
1935-12-01,14.0,7.2,
1936-01-01,13.9,7.3,
1936-02-01,13.9,7.4,
1936-03-01,13.7,7.4,
1936-04-01,13.7,7.4,
1936-05-01,13.5,7.4,
1936-06-01,13.7,7.5,
1936-07-01,13.9,7.5,
1936-08-01,14.0,7.5,
1936-09-01,14.0,7.5,
1936-10-01,14.0,7.7,
1936-11-01,14.2,8.0,
1936-12-01,14.5,8.8,
1937-01-01,14.8,9.2,
1937-02-01,14.9,10.2,
1937-03-01,15.1,11.0,
1937-04-01,15.2,12.3,
1937-05-01,15.1,12.3,
1937-06-01,15.0,12.5,
1937-07-01,15.2,12.7,
1937-08-01,15.1,12.7,
1937-09-01,15.1,12.8,
1937-10-01,14.7,12.5,
1937-11-01,14.4,11.8,
1937-12-01,14.1,11.3,
1938-01-01,14.0,10.2,
1938-02-01,13.8,10.2,
1938-03-01,13.7,10.0,
1938-04-01,13.5,9.6,
1938-05-01,13.5,9.3,
1938-06-01,13.5,8.7,
1938-07-01,13.6,8.2,
1938-08-01,13.4,8.0,
1938-09-01,13.5,7.6,
1938-10-01,13.4,7.4,
1938-11-01,13.4,7.4,
1938-12-01,13.3,7.2,
1939-01-01,13.3,7.1,
1939-02-01,13.3,7.1,
1939-03-01,13.2,7.0,
1939-04-01,13.1,7.0,
1939-05-01,13.1,7.0,
1939-06-01,13.0,7.0,
1939-07-01,13.0,7.0,
1939-08-01,12.9,7.0,
1939-09-01,13.6,7.6,
1939-10-01,13.7,8.2,
1939-11-01,13.6,8.2,
1939-12-01,13.7,8.9,
1940-01-01,13.7,9.7,
1940-02-01,13.6,9.8,
1940-03-01,13.5,9.8,
1940-04-01,13.5,10.4,
1940-05-01,13.5,11.2,
1940-06-01,13.4,11.7,
1940-07-01,13.4,12.2,
1940-08-01,13.4,12.2,
1940-09-01,13.4,12.2,
1940-10-01,13.6,12.2,
1940-11-01,13.7,12.2,
1940-12-01,13.8,12.2,
1941-01-01,13.9,12.2,
1941-02-01,13.9,12.2,
1941-03-01,14.0,12.2,
1941-04-01,14.4,12.2,
1941-05-01,14.6,12.3,
1941-06-01,15.0,12.4,
1941-07-01,15.3,12.4,
1941-08-01,15.6,12.5,
1941-09-01,15.8,13.0,
1941-10-01,15.9,13.0,
1941-11-01,15.9,13.0,
1941-12-01,16.2,13.0,
1942-01-01,16.5,13.0,
1942-02-01,16.7,13.0,
1942-03-01,16.8,13.0,
1942-04-01,17.0,13.0,
1942-05-01,17.0,13.0,
1942-06-01,17.0,13.0,
1942-07-01,17.0,13.0,
1942-08-01,17.1,13.0,
1942-09-01,17.2,13.0,
1942-10-01,17.2,13.0,
1942-11-01,17.3,13.0,
1942-12-01,17.4,13.0,
1943-01-01,17.5,13.0,
1943-02-01,17.7,13.0,
1943-03-01,17.8,13.0,
1943-04-01,17.9,13.0,
1943-05-01,17.9,13.0,
1943-06-01,17.9,13.0,
1943-07-01,17.8,13.0,
1943-08-01,17.8,13.0,
1943-09-01,17.8,13.0,
1943-10-01,17.8,13.0,
1943-11-01,17.7,13.0,
1943-12-01,17.8,13.0,
1944-01-01,17.8,13.0,
1944-02-01,17.8,13.6,
1944-03-01,17.9,14.2,
1944-04-01,17.9,14.2,
1944-05-01,17.9,14.2,
1944-06-01,18.0,14.2,
1944-07-01,17.9,14.2,
1944-08-01,17.9,14.2,
1944-09-01,17.9,14.2,
1944-10-01,17.9,14.2,
1944-11-01,18.0,14.2,
1944-12-01,18.0,14.2,
1945-01-01,18.1,14.2,
1945-02-01,18.1,14.2,
1945-03-01,18.1,14.2,
1945-04-01,18.2,14.2,
1945-05-01,18.3,14.2,
1945-06-01,18.3,14.2,
1945-07-01,18.3,14.2,
1945-08-01,18.2,14.2,
1945-09-01,18.1,14.2,
1945-10-01,18.2,14.2,
1945-11-01,18.4,14.2,
1945-12-01,18.4,14.2,
1946-01-01,18.4,14.2,
1946-02-01,18.5,14.2,
1946-03-01,18.8,14.2,
1946-04-01,19.0,14.3,
1946-05-01,19.1,15.6,
1946-06-01,19.4,15.6,
1946-07-01,21.5,15.6,
1946-08-01,22.2,15.6,
1946-09-01,21.4,16.7,
1946-10-01,23.1,17.1,
1946-11-01,24.1,17.5,
1946-12-01,24.3,18.0,
1947-01-01,24.5,20.1,
1947-02-01,24.7,20.1,
1947-03-01,25.3,20.6,
1947-04-01,25.1,21.1,
1947-05-01,25.0,21.2,
1947-06-01,25.0,21.3,
1947-07-01,25.3,21.6,
1947-08-01,25.6,21.9,
1947-09-01,26.1,21.9,
1947-10-01,26.4,21.9,
1947-11-01,26.7,21.9,
1947-12-01,27.2,22.9,
1948-01-01,27.7,23.3,
1948-02-01,27.2,23.8,
1948-03-01,27.2,23.8,
1948-04-01,27.4,23.8,
1948-05-01,27.5,23.8,
1948-06-01,27.7,24.0,
1948-07-01,28.0,24.3,
1948-08-01,28.2,24.3,
1948-09-01,28.1,24.3,
1948-10-01,27.8,24.3,
1948-11-01,27.8,24.2,
1948-12-01,27.6,24.1,
1949-01-01,27.3,24.0,
1949-02-01,26.8,23.9,
1949-03-01,26.8,23.8,
1949-04-01,26.5,22.9,
1949-05-01,26.3,22.7,
1949-06-01,26.0,21.7,
1949-07-01,26.0,20.3,
1949-08-01,26.0,20.2,
1949-09-01,26.1,20.2,
1949-10-01,26.0,20.1,
1949-11-01,26.0,20.2,
1949-12-01,25.9,20.2,
1950-01-01,25.9,20.2,
1950-02-01,26.1,20.2,
1950-03-01,26.1,20.2,
1950-04-01,26.1,20.2,
1950-05-01,26.4,20.2,
1950-06-01,26.6,20.2,
1950-07-01,27.3,21.1,
1950-08-01,27.9,21.6,
1950-09-01,28.4,21.7,
1950-10-01,28.6,23.5,
1950-11-01,29.0,23.5,
1950-12-01,29.7,23.5,
1951-01-01,30.5,25.4,
1951-02-01,30.9,25.4,
1951-03-01,30.9,25.4,
1951-04-01,30.8,25.5,
1951-05-01,30.7,25.8,
1951-06-01,30.5,25.8,
1951-07-01,30.3,25.6,
1951-08-01,30.1,25.6,
1951-09-01,30.1,25.6,
1951-10-01,30.1,25.6,
1951-11-01,30.1,25.6,
1951-12-01,30.1,25.6,
1952-01-01,30.0,25.6,
1952-02-01,29.8,25.6,
1952-03-01,29.8,25.6,
1952-04-01,29.6,25.3,
1952-05-01,29.6,25.3,
1952-06-01,29.5,25.3,
1952-07-01,29.6,24.5,
1952-08-01,29.8,24.5,
1952-09-01,29.6,24.5,
1952-10-01,29.5,24.5,
1952-11-01,29.3,24.3,
1952-12-01,29.1,24.3,
1953-01-01,29.1,24.3,
1953-02-01,29.1,24.3,
1953-03-01,29.2,24.3,
1953-04-01,29.0,24.3,
1953-05-01,29.1,24.3,
1953-06-01,29.0,24.3,
1953-07-01,29.4,24.3,
1953-08-01,29.3,24.3,
1953-09-01,29.4,24.3,
1953-10-01,29.2,24.5,
1953-11-01,29.1,24.5,
1953-12-01,29.2,24.5,
1954-01-01,29.4,24.5,
1954-02-01,29.3,24.5,
1954-03-01,29.3,24.5,
1954-04-01,29.4,24.5,
1954-05-01,29.4,24.5,
1954-06-01,29.2,24.5,
1954-07-01,29.3,24.5,
1954-08-01,29.3,24.5,
1954-09-01,29.2,24.5,
1954-10-01,29.1,24.5,
1954-11-01,29.2,24.5,
1954-12-01,29.0,24.5,
1955-01-01,29.2,24.6,
1955-02-01,29.3,24.6,
1955-03-01,29.2,24.6,
1955-04-01,29.3,25.4,
1955-05-01,29.1,25.4,
1955-06-01,29.3,25.4,
1955-07-01,29.3,25.4,
1955-08-01,29.4,25.4,
1955-09-01,29.6,25.4,
1955-10-01,29.6,25.5,
1955-11-01,29.5,25.5,
1955-12-01,29.5,25.5,
1956-01-01,29.7,26.1,
1956-02-01,29.8,26.1,
1956-03-01,29.9,26.1,
1956-04-01,30.1,26.4,
1956-05-01,30.3,26.4,
1956-06-01,30.3,26.4,
1956-07-01,30.2,26.4,
1956-08-01,30.4,26.4,
1956-09-01,30.6,26.4,
1956-10-01,30.6,26.4,
1956-11-01,30.7,26.4,
1956-12-01,30.8,26.4,
1957-01-01,31.0,26.4,
1957-02-01,31.0,26.4,
1957-03-01,31.0,26.4,
1957-04-01,31.1,26.4,
1957-05-01,31.0,26.4,
1957-06-01,31.1,26.4,
1957-07-01,31.3,26.4,
1957-08-01,31.4,26.4,
1957-09-01,31.3,26.4,
1957-10-01,31.2,27.1,
1957-11-01,31.3,27.1,
1957-12-01,31.4,27.1,
1958-01-01,31.5,27.1,
1958-02-01,31.5,27.1,
1958-03-01,31.7,27.1,
1958-04-01,31.6,27.1,
1958-05-01,31.7,27.1,
1958-06-01,31.6,27.1,
1958-07-01,31.6,27.1,
1958-08-01,31.6,27.1,
1958-09-01,31.6,27.1,
1958-10-01,31.5,27.1,
1958-11-01,31.6,27.1,
1958-12-01,31.6,27.1,
1959-01-01,31.7,27.1,
1959-02-01,31.7,27.1,
1959-03-01,31.7,27.1,
1959-04-01,31.8,27.1,
1959-05-01,31.8,27.1,
1959-06-01,31.7,27.1,
1959-07-01,31.7,27.1,
1959-08-01,31.6,27.1,
1959-09-01,31.7,27.1,
1959-10-01,31.6,27.1,
1959-11-01,31.5,27.1,
1959-12-01,31.5,27.1,
1960-01-01,31.6,27.1,
1960-02-01,31.6,27.1,
1960-03-01,31.8,27.1,
1960-04-01,31.8,27.1,
1960-05-01,31.7,27.1,
1960-06-01,31.7,27.1,
1960-07-01,31.7,27.1,
1960-08-01,31.6,27.1,
1960-09-01,31.6,27.1,
1960-10-01,31.7,27.1,
1960-11-01,31.7,27.1,
1960-12-01,31.7,25.6,
1961-01-01,31.8,25.6,
1961-02-01,31.8,25.6,
1961-03-01,31.8,25.6,
1961-04-01,31.6,25.6,
1961-05-01,31.5,25.6,
1961-06-01,31.3,25.6,
1961-07-01,31.5,25.6,
1961-08-01,31.5,25.6,
1961-09-01,31.5,25.6,
1961-10-01,31.5,25.6,
1961-11-01,31.5,25.6,
1961-12-01,31.6,25.6,
1962-01-01,31.7,25.6,
1962-02-01,31.7,25.6,
1962-03-01,31.7,25.6,
1962-04-01,31.6,25.6,
1962-05-01,31.5,25.2,
1962-06-01,31.5,25.2,
1962-07-01,31.6,25.2,
1962-08-01,31.6,25.2,
1962-09-01,31.9,25.2,
1962-10-01,31.7,24.6,
1962-11-01,31.7,24.1,
1962-12-01,31.6,24.1,
1963-01-01,31.6,24.1,
1963-02-01,31.5,24.1,
1963-03-01,31.5,24.1,
1963-04-01,31.4,24.6,
1963-05-01,31.5,24.6,
1963-06-01,31.6,24.6,
1963-07-01,31.7,24.7,
1963-08-01,31.6,24.7,
1963-09-01,31.6,24.7,
1963-10-01,31.6,25.6,
1963-11-01,31.7,25.4,
1963-12-01,31.6,25.4,
1964-01-01,31.8,25.9,
1964-02-01,31.6,25.9,
1964-03-01,31.6,25.9,
1964-04-01,31.6,25.9,
1964-05-01,31.5,25.7,
1964-06-01,31.5,25.7,
1964-07-01,31.6,25.7,
1964-08-01,31.6,25.7,
1964-09-01,31.7,25.7,
1964-10-01,31.7,26.2,
1964-11-01,31.7,26.1,
1964-12-01,31.7,26.1,
1965-01-01,31.8,26.4,
1965-02-01,31.9,26.4,
1965-03-01,31.9,26.4,
1965-04-01,32.0,26.4,
1965-05-01,32.1,26.4,
1965-06-01,32.4,26.4,
1965-07-01,32.4,26.4,
1965-08-01,32.4,26.4,
1965-09-01,32.4,26.4,
1965-10-01,32.5,26.4,
1965-11-01,32.6,26.4,
1965-12-01,32.8,26.4,
1966-01-01,32.9,26.4,
1966-02-01,33.2,26.4,
1966-03-01,33.2,26.4,
1966-04-01,33.2,26.4,
1966-05-01,33.2,26.4,
1966-06-01,33.3,26.4,
1966-07-01,33.5,26.4,
1966-08-01,33.6,26.4,
1966-09-01,33.6,26.4,
1966-10-01,33.4,26.4,
1966-11-01,33.3,26.4,
1966-12-01,33.3,26.4,
1967-01-01,33.4,26.4,
1967-02-01,33.4,26.4,
1967-03-01,33.3,26.4,
1967-04-01,33.1,26.4,
1967-05-01,33.3,26.4,
1967-06-01,33.5,26.4,
1967-07-01,33.5,26.4,
1967-08-01,33.4,26.4,
1967-09-01,33.4,26.4,
1967-10-01,33.4,26.4,
1967-11-01,33.4,26.4,
1967-12-01,33.7,26.4,
1968-01-01,33.8,26.4,
1968-02-01,34.0,26.4,
1968-03-01,34.1,26.4,
1968-04-01,34.1,26.4,
1968-05-01,34.2,26.4,
1968-06-01,34.2,26.4,
1968-07-01,34.3,26.4,
1968-08-01,34.2,26.4,
1968-09-01,34.4,26.4,
1968-10-01,34.4,26.4,
1968-11-01,34.5,26.4,
1968-12-01,34.6,26.4,
1969-01-01,34.8,26.4,
1969-02-01,35.0,26.4,
1969-03-01,35.2,26.4,
1969-04-01,35.3,26.4,
1969-05-01,35.5,26.4,
1969-06-01,35.7,26.4,
1969-07-01,35.8,26.4,
1969-08-01,35.7,26.4,
1969-09-01,35.8,26.4,
1969-10-01,35.9,26.4,
1969-11-01,36.1,26.4,
1969-12-01,36.3,26.4,
1970-01-01,36.5,28.2,
1970-02-01,36.7,28.2,
1970-03-01,36.7,28.2,
1970-04-01,36.8,28.3,
1970-05-01,36.8,28.2,
1970-06-01,36.9,28.2,
1970-07-01,37.1,29.6,
1970-08-01,36.9,29.6,
1970-09-01,37.1,29.6,
1970-10-01,37.1,29.6,
1970-11-01,37.1,29.6,
1970-12-01,37.1,29.6,
1971-01-01,37.3,29.6,
1971-02-01,37.7,29.6,
1971-03-01,37.8,29.6,
1971-04-01,37.9,29.7,
1971-05-01,38.1,29.7,
1971-06-01,38.2,29.7,
1971-07-01,38.3,29.7,
1971-08-01,38.5,29.7,
1971-09-01,38.3,29.4,
1971-10-01,38.3,29.4,
1971-11-01,38.3,29.4,
1971-12-01,38.6,29.4,
1972-01-01,38.8,29.4,
1972-02-01,39.2,29.4,
1972-03-01,39.2,29.4,
1972-04-01,39.3,29.4,
1972-05-01,39.5,29.4,
1972-06-01,39.7,29.4,
1972-07-01,40.0,29.4,
1972-08-01,40.1,29.4,
1972-09-01,40.2,29.4,
1972-10-01,40.1,29.4,
1972-11-01,40.3,29.4,
1972-12-01,41.1,29.4,
1973-01-01,41.6,29.4,
1973-02-01,42.4,29.4,
1973-03-01,43.4,29.4,
1973-04-01,43.6,32.2,
1973-05-01,44.5,32.3,
1973-06-01,45.5,32.3,
1973-07-01,44.9,34.5,
1973-08-01,47.5,35.2,
1973-09-01,46.7,35.2,
1973-10-01,46.3,38.4,
1973-11-01,46.5,38.6,
1973-12-01,47.4,39.4,
1974-01-01,49.0,39.6,
1974-02-01,50.0,39.6,
1974-03-01,50.6,46.9,
1974-04-01,51.0,51.9,
1974-05-01,51.8,52.9,
1974-06-01,52.0,54.3,
1974-07-01,54.0,65.2,
1974-08-01,55.9,66.5,
1974-09-01,55.9,67.1,
1974-10-01,56.9,67.9,
1974-11-01,57.4,68.5,
1974-12-01,57.3,69.3,
1975-01-01,57.4,74.5,
1975-02-01,57.2,74.5,
1975-03-01,56.9,75.1,
1975-04-01,57.5,75.0,
1975-05-01,57.9,75.0,
1975-06-01,58.0,74.5,
1975-07-01,58.7,74.8,
1975-08-01,59.0,74.8,
1975-09-01,59.4,74.7,
1975-10-01,59.8,74.7,
1975-11-01,59.5,74.7,
1975-12-01,59.7,74.8,
1976-01-01,59.9,75.5,
1976-02-01,59.9,75.8,
1976-03-01,60.0,75.8,
1976-04-01,60.6,75.8,
1976-05-01,60.8,75.4,
1976-06-01,61.2,75.4,71.0
1976-07-01,61.6,75.4,71.9
1976-08-01,61.4,75.3,71.8
1976-09-01,61.8,75.2,71.5
1976-10-01,61.9,75.2,71.5
1976-11-01,62.0,75.2,71.5
1976-12-01,62.5,75.2,71.4
1977-01-01,62.8,75.0,71.0
1977-02-01,63.5,74.9,70.9
1977-03-01,64.1,74.9,71.5
1977-04-01,64.9,75.5,72.0
1977-05-01,65.2,75.5,72.3
1977-06-01,65.0,75.4,72.7
1977-07-01,65.1,75.4,73.5
1977-08-01,65.0,74.4,73.5
1977-09-01,65.3,73.2,73.6
1977-10-01,65.6,72.8,73.5
1977-11-01,65.8,72.7,73.4
1977-12-01,66.2,70.3,73.2
1978-01-01,66.8,69.3,73.3
1978-02-01,67.5,69.2,73.1
1978-03-01,68.1,68.8,73.3
1978-04-01,69.0,68.9,73.4
1978-05-01,69.5,68.9,73.9
1978-06-01,70.0,68.8,74.1
1978-07-01,70.4,68.9,74.2
1978-08-01,70.4,68.9,73.9
1978-09-01,71.0,68.9,73.8
1978-10-01,71.8,74.4,73.7
1978-11-01,72.1,74.3,73.6
1978-12-01,72.7,74.3,74.2
1979-01-01,73.8,76.8,75.3
1979-02-01,74.9,76.9,75.9
1979-03-01,75.8,77.6,77.5
1979-04-01,76.9,80.2,80.8
1979-05-01,77.5,81.0,83.5
1979-06-01,78.0,81.3,84.2
1979-07-01,79.2,84.5,88.7
1979-08-01,79.6,84.6,90.7
1979-09-01,80.9,84.6,91.5
1979-10-01,82.1,89.0,94.3
1979-11-01,82.6,89.2,95.0
1979-12-01,83.4,89.2,95.2
1980-01-01,85.2,94.1,98.3
1980-02-01,86.9,94.0,99.2
1980-03-01,87.5,94.1,100.0
1980-04-01,87.8,101.7,103.9
1980-05-01,88.3,101.7,104.5
1980-06-01,88.7,102.3,104.3
1980-07-01,90.3,102.4,103.7
1980-08-01,91.5,102.4,102.5
1980-09-01,91.7,102.4,100.5
1980-10-01,92.8,102.8,100.4
1980-11-01,93.2,102.9,100.5
1980-12-01,93.8,102.9,100.0
1981-01-01,95.2,102.9,101.1
1981-02-01,96.1,102.9,101.9
1981-03-01,97.0,102.9,102.8
1981-04-01,98.0,104.0,105.1
1981-05-01,98.3,104.0,106.2
1981-06-01,98.5,104.0,107.0
1981-07-01,99.0,104.0,110.0
1981-08-01,99.0,104.0,110.4
1981-09-01,98.8,104.0,110.7
1981-10-01,98.9,106.1,110.9
1981-11-01,98.8,109.1,109.1
1981-12-01,98.8,109.1,109.5
1982-01-01,99.7,108.2,107.0
1982-02-01,99.8,108.2,108.3
1982-03-01,99.6,108.6,107.2
1982-04-01,99.6,102.9,108.4
1982-05-01,99.8,103.8,107.1
1982-06-01,100.0,102.4,106.7
1982-07-01,100.4,97.2,106.6
1982-08-01,100.3,96.8,107.2
1982-09-01,100.0,96.3,107.3
1982-10-01,100.2,92.4,106.9
1982-11-01,100.3,91.6,107.4
1982-12-01,100.5,91.6,107.3
1983-01-01,100.2,91.4,108.1
1983-02-01,100.5,91.2,107.6
1983-03-01,100.4,90.5,107.0
1983-04-01,100.4,90.4,107.9
1983-05-01,100.8,90.5,108.9
1983-06-01,101.0,91.0,109.4
1983-07-01,101.3,91.2,109.8
1983-08-01,101.8,91.4,110.6
1983-09-01,102.0,91.1,113.2
1983-10-01,102.2,91.6,112.0
1983-11-01,102.1,94.1,111.7
1983-12-01,102.3,93.8,113.1
1984-01-01,102.9,96.6,114.6
1984-02-01,103.2,98.7,114.4
1984-03-01,103.9,99.9,114.7
1984-04-01,104.0,105.8,115.4
1984-05-01,104.1,107.6,116.0
1984-06-01,104.0,108.2,116.2
1984-07-01,104.2,108.3,115.7
1984-08-01,103.8,108.2,115.7
1984-09-01,103.4,107.9,116.4
1984-10-01,103.4,107.7,115.5
1984-11-01,103.7,104.8,115.5
1984-12-01,103.5,103.4,114.1
1985-01-01,103.4,100.6,114.1
1985-02-01,103.3,96.2,114.3
1985-03-01,103.1,93.3,114.5
1985-04-01,103.3,91.9,114.1
1985-05-01,103.5,91.2,113.5
1985-06-01,103.3,91.8,114.6
1985-07-01,103.2,91.0,114.3
1985-08-01,102.7,89.0,113.9
1985-09-01,102.1,88.3,113.4
1985-10-01,102.9,88.3,112.0
1985-11-01,103.4,88.0,112.1
1985-12-01,103.6,87.4,111.9
1986-01-01,103.2,88.0,112.2
1986-02-01,101.7,87.4,112.6
1986-03-01,100.3,89.0,112.5
1986-04-01,99.6,90.4,110.7
1986-05-01,100.0,92.6,110.4
1986-06-01,99.9,94.4,110.3
1986-07-01,99.4,97.1,110.8
1986-08-01,99.3,96.8,110.2
1986-09-01,99.4,97.8,108.7
1986-10-01,99.7,99.5,109.6
1986-11-01,99.8,101.1,110.2
1986-12-01,99.7,102.0,108.8
1987-01-01,100.5,105.5,109.1
1987-02-01,101.0,105.4,108.5
1987-03-01,101.2,107.6,109.7
1987-04-01,101.9,110.2,114.1
1987-05-01,102.6,111.1,114.7
1987-06-01,103.0,111.2,117.3
1987-07-01,103.5,111.4,120.9
1987-08-01,103.8,112.3,120.9
1987-09-01,103.7,112.4,121.9
1987-10-01,104.1,115.7,124.2
1987-11-01,104.2,117.1,124.9
1987-12-01,104.2,117.7,125.1
1988-01-01,104.6,122.9,130.9
1988-02-01,104.8,126.8,133.5
1988-03-01,104.9,127.0,134.4
1988-04-01,105.8,134.6,137.1
1988-05-01,106.5,136.1,141.8
1988-06-01,107.2,135.6,142.8
1988-07-01,107.9,139.2,147.1
1988-08-01,108.0,141.6,150.7
1988-09-01,108.1,142.2,152.1
1988-10-01,108.2,143.5,152.1
1988-11-01,108.3,144.7,152.7
1988-12-01,109.0,145.7,153.0
1989-01-01,110.5,151.4,153.4
1989-02-01,110.8,152.1,154.7
1989-03-01,111.5,153.7,154.3
1989-04-01,112.3,155.7,154.5
1989-05-01,113.2,158.3,153.4
1989-06-01,112.9,158.4,151.8
1989-07-01,112.8,159.5,148.9
1989-08-01,112.0,159.5,141.9
1989-09-01,112.4,159.5,140.5
1989-10-01,112.8,160.7,138.9
1989-11-01,112.7,160.6,137.8
1989-12-01,113.0,159.6,137.4
1990-01-01,114.9,159.9,137.7
1990-02-01,114.4,159.5,137.3
1990-03-01,114.2,158.7,138.1
1990-04-01,114.1,155.4,137.6
1990-05-01,114.6,154.2,137.5
1990-06-01,114.3,152.7,138.0
1990-07-01,114.5,151.1,137.1
1990-08-01,116.5,150.2,137.5
1990-09-01,118.4,147.2,137.7
1990-10-01,120.8,143.4,140.5
1990-11-01,120.1,141.6,145.3
1990-12-01,118.7,141.2,149.6
1991-01-01,119.0,132.9,150.0
1991-02-01,117.2,130.4,149.5
1991-03-01,116.2,129.1,144.7
1991-04-01,116.0,125.4,141.1
1991-05-01,116.5,122.5,138.5
1991-06-01,116.4,120.6,135.9
1991-07-01,116.1,116.7,132.8
1991-08-01,116.2,114.2,132.8
1991-09-01,116.1,112.4,132.5
1991-10-01,116.4,108.6,132.3
1991-11-01,116.4,109.3,131.8
1991-12-01,115.9,108.3,133.5
1992-01-01,115.6,111.3,132.0
1992-02-01,116.0,113.7,132.0
1992-03-01,116.1,114.6,130.2
1992-04-01,116.3,118.8,130.1
1992-05-01,117.2,120.7,131.3
1992-06-01,118.0,121.1,129.9
1992-07-01,117.9,123.9,132.8
1992-08-01,117.7,124.0,132.5
1992-09-01,118.0,123.7,133.2
1992-10-01,118.1,122.1,133.2
1992-11-01,117.8,117.9,132.4
1992-12-01,117.6,114.5,132.6
1993-01-01,118.0,111.7,132.8
1993-02-01,118.4,108.3,132.9
1993-03-01,118.7,105.3,132.5
1993-04-01,119.3,106.4,132.2
1993-05-01,119.7,107.0,131.5
1993-06-01,119.5,106.7,132.0
1993-07-01,119.2,104.5,132.2
1993-08-01,118.7,102.5,132.8
1993-09-01,118.7,101.8,132.7
1993-10-01,119.1,99.6,132.3
1993-11-01,119.0,98.8,131.9
1993-12-01,118.6,98.5,131.9
1994-01-01,119.1,100.9,130.8
1994-02-01,119.3,101.1,130.4
1994-03-01,119.7,103.3,130.3
1994-04-01,119.7,106.7,132.1
1994-05-01,119.9,108.3,133.2
1994-06-01,120.5,112.6,134.6
1994-07-01,120.7,113.5,135.3
1994-08-01,121.2,118.9,136.9
1994-09-01,121.0,123.4,141.1
1994-10-01,120.9,131.6,146.3
1994-11-01,121.5,134.3,148.8
1994-12-01,121.9,136.0,152.6
1995-01-01,122.9,144.6,156.9
1995-02-01,123.5,158.8,160.6
1995-03-01,123.9,168.4,161.5
1995-04-01,124.6,173.7,164.5
1995-05-01,124.9,181.1,164.7
1995-06-01,125.3,191.7,164.5
1995-07-01,125.3,196.3,162.7
1995-08-01,125.1,200.5,160.8
1995-09-01,125.2,198.2,158.2
1995-10-01,125.3,198.7,154.6
1995-11-01,125.4,195.4,151.1
1995-12-01,125.7,191.3,147.8
1996-01-01,126.3,176.6,146.1
1996-02-01,126.2,160.4,144.7
1996-03-01,126.4,141.4,145.0
1996-04-01,127.4,120.3,144.4
1996-05-01,128.1,114.1,147.2
1996-06-01,128.0,120.0,148.7
1996-07-01,128.0,125.5,149.8
1996-08-01,128.3,127.3,151.9
1996-09-01,128.2,127.8,154.4
1996-10-01,128.0,128.2,154.5
1996-11-01,128.2,127.6,154.6
1996-12-01,129.1,128.2,154.2
1997-01-01,129.7,127.4,154.1
1997-02-01,128.5,125.2,154.8
1997-03-01,127.3,124.5,155.6
1997-04-01,127.0,121.9,155.6
1997-05-01,127.4,123.5,155.5
1997-06-01,127.2,125.5,156.0
1997-07-01,126.9,130.0,155.7
1997-08-01,127.2,132.7,154.0
1997-09-01,127.5,133.3,152.4
1997-10-01,127.8,133.2,152.3
1997-11-01,127.9,132.8,151.1
1997-12-01,126.8,133.4,150.3
1998-01-01,125.4,130.7,150.4
1998-02-01,125.0,127.8,147.6
1998-03-01,124.7,126.4,145.1
1998-04-01,124.9,121.5,144.4
1998-05-01,125.1,120.8,142.6
1998-06-01,124.8,123.9,140.1
1998-07-01,124.9,126.1,138.3
1998-08-01,124.2,123.3,137.0
1998-09-01,123.8,121.1,133.2
1998-10-01,124.0,116.9,131.8
1998-11-01,123.6,116.1,130.4
1998-12-01,122.8,116.7,129.2
1999-01-01,122.9,112.7,130.1
1999-02-01,122.3,112.3,129.7
1999-03-01,122.6,113.8,130.8
1999-04-01,123.6,113.0,132.3
1999-05-01,124.7,114.1,136.2
1999-06-01,125.2,116.0,137.5
1999-07-01,125.7,121.6,142.6
1999-08-01,126.9,123.7,144.3
1999-09-01,128.0,125.1,147.9
1999-10-01,127.7,125.8,161.3
1999-11-01,128.3,128.1,161.3
1999-12-01,127.8,130.8,159.1
2000-01-01,128.3,137.3,158.3
2000-02-01,129.8,136.7,159.5
2000-03-01,130.8,139.2,163.2
2000-04-01,130.7,141.4,164.3
2000-05-01,131.6,143.4,167.5
2000-06-01,133.8,145.6,167.0
2000-07-01,133.7,148.5,167.3
2000-08-01,132.9,149.1,167.8
2000-09-01,134.7,150.2,163.7
2000-10-01,135.4,151.0,166.0
2000-11-01,135.0,151.3,164.3
2000-12-01,136.2,150.2,162.9
2001-01-01,140.0,146.3,165.6
2001-02-01,137.4,143.0,167.1
2001-03-01,135.9,138.4,169.3
2001-04-01,136.4,134.2,169.6
2001-05-01,136.8,128.6,167.6
2001-06-01,135.5,124.7,165.3
2001-07-01,133.4,120.7,160.4
2001-08-01,133.4,117.8,155.6
2001-09-01,133.3,115.4,150.6
2001-10-01,130.3,112.8,151.5
2001-11-01,129.8,113.5,149.9
2001-12-01,128.1,113.7,146.3
2002-01-01,128.5,114.5,142.7
2002-02-01,128.4,113.8,141.2
2002-03-01,129.8,113.2,141.7
2002-04-01,130.8,113.1,143.0
2002-05-01,130.8,113.5,144.1
2002-06-01,130.9,115.3,146.2
2002-07-01,131.2,116.7,153.4
2002-08-01,131.5,118.4,154.2
2002-09-01,132.3,119.1,154.3
2002-10-01,133.2,119.6,156.6
2002-11-01,133.1,119.4,155.1
2002-12-01,132.9,117.9,153.9
2003-01-01,135.3,115.4,157.8
2003-02-01,137.6,115.5,164.2
2003-03-01,141.2,115.9,172.7
2003-04-01,136.8,119.8,176.3
2003-05-01,136.7,123.3,175.4
2003-06-01,138.0,125.2,171.3
2003-07-01,137.7,124.5,166.9
2003-08-01,138.0,122.6,164.6
2003-09-01,138.5,122.2,166.2
2003-10-01,139.3,122.0,167.6
2003-11-01,138.9,124.8,166.2
2003-12-01,139.5,125.1,164.8
2004-01-01,141.4,126.3,169.0
2004-02-01,142.1,125.5,172.9
2004-03-01,143.1,125.8,174.7
2004-04-01,144.8,128.2,179.1
2004-05-01,146.8,130.5,180.4
2004-06-01,147.2,132.3,185.7
2004-07-01,147.4,136.2,189.2
2004-08-01,148.0,137.3,195.2
2004-09-01,147.7,137.9,203.8
2004-10-01,150.0,136.6,212.2
2004-11-01,151.4,135.4,219.4
2004-12-01,150.2,134.2,222.1
2005-01-01,150.9,134.9,226.6
2005-02-01,151.6,136.4,226.9
2005-03-01,153.7,138.3,229.1
2005-04-01,155.0,140.0,230.6
2005-05-01,154.3,138.6,226.3
2005-06-01,154.3,138.8,219.9
2005-07-01,156.3,139.1,218.7
2005-08-01,157.6,139.4,217.1
2005-09-01,162.2,137.8,223.0
2005-10-01,166.2,137.1,238.6
2005-11-01,163.7,137.2,244.3
2005-12-01,163.0,138.1,241.2
2006-01-01,164.3,137.8,240.0
2006-02-01,161.8,141.1,236.4
2006-03-01,162.2,141.2,235.4
2006-04-01,164.3,142.2,231.6
2006-05-01,165.8,142.6,232.6
2006-06-01,166.1,144.0,235.1
2006-07-01,166.8,144.4,235.8
2006-08-01,167.9,145.1,238.7
2006-09-01,165.4,145.9,239.9
2006-10-01,162.2,146.4,238.3
2006-11-01,164.6,148.8,234.3
2006-12-01,165.6,149.4,227.6
2007-01-01,164.0,153.4,224.5
2007-02-01,166.8,156.7,222.4
2007-03-01,169.3,157.3,224.0
2007-04-01,171.4,158.8,228.8
2007-05-01,173.3,160.9,230.0
2007-06-01,173.8,161.1,231.8
2007-07-01,175.1,163.2,233.5
2007-08-01,172.4,163.7,234.4
2007-09-01,173.5,163.8,233.4
2007-10-01,174.7,165.4,237.0
2007-11-01,179.0,166.0,243.5
2007-12-01,178.6,167.3,245.8
2008-01-01,181.0,172.1,250.0
2008-02-01,182.7,171.6,250.2
2008-03-01,187.9,170.6,250.6
2008-04-01,190.9,171.2,251.3
2008-05-01,196.6,171.2,256.1
2008-06-01,200.5,171.8,258.6
2008-07-01,205.5,174.0,269.8
2008-08-01,199.0,174.8,274.4
2008-09-01,196.9,174.8,269.5
2008-10-01,186.4,173.3,264.8
2008-11-01,176.8,166.7,239.1
2008-12-01,170.9,164.4,227.1
2009-01-01,171.2,157.9,218.8
2009-02-01,169.3,154.4,224.7
2009-03-01,168.1,152.7,222.0
2009-04-01,169.1,148.6,218.4
2009-05-01,170.8,144.2,221.6
2009-06-01,174.1,142.0,221.3
2009-07-01,172.5,142.5,232.0
2009-08-01,175.0,144.9,231.5
2009-09-01,174.1,148.9,234.8
2009-10-01,175.2,151.5,233.4
2009-11-01,177.4,156.6,233.5
2009-12-01,178.1,158.6,242.1
2010-01-01,181.9,161.7,240.0
2010-02-01,181.0,166.9,252.8
2010-03-01,183.3,170.0,248.7
2010-04-01,184.4,175.4,263.9
2010-05-01,184.8,186.2,254.0
2010-06-01,183.5,194.9,247.6
2010-07-01,184.1,196.1,251.7
2010-08-01,184.9,197.0,250.0
2010-09-01,184.9,199.7,249.2
2010-10-01,186.6,196.0,254.1
2010-11-01,187.7,194.0,249.4
2010-12-01,189.7,194.6,248.0
2011-01-01,192.7,194.4,253.0
2011-02-01,195.8,195.0,259.7
2011-03-01,199.2,197.0,264.7
2011-04-01,203.1,197.6,271.0
2011-05-01,204.1,198.6,282.6
2011-06-01,203.9,198.7,281.9
2011-07-01,204.6,200.3,280.5
2011-08-01,203.2,199.0,276.6
2011-09-01,203.7,195.2,279.2
2011-10-01,201.1,192.1,273.7
2011-11-01,201.4,187.9,276.0
2011-12-01,199.8,182.1,271.1
2012-01-01,200.7,185.5,275.9
2012-02-01,201.6,187.3,279.6
2012-03-01,204.2,186.4,283.4
2012-04-01,203.7,186.6,283.9
2012-05-01,201.9,186.1,283.1
2012-06-01,199.8,185.9,280.3
2012-07-01,200.1,189.1,277.0
2012-08-01,202.7,186.8,277.5
2012-09-01,204.4,186.2,274.0
2012-10-01,203.5,185.3,276.9
2012-11-01,201.8,181.6,276.9
2012-12-01,201.5,183.5,276.3
2013-01-01,202.5,180.0,283.1
2013-02-01,204.3,178.7,287.7
2013-03-01,204.0,179.8,290.9
2013-04-01,203.5,179.9,289.4
2013-05-01,204.1,179.2,287.1
2013-06-01,204.3,181.7,288.1
2013-07-01,204.4,180.7,287.1
2013-08-01,204.2,181.4,288.2
2013-09-01,203.9,181.6,288.8
2013-10-01,202.5,181.6,289.2
2013-11-01,201.2,181.1,291.3
2013-12-01,202.0,183.2,291.5
2014-01-01,203.8,180.9,294.7
2014-02-01,205.7,181.7,297.8
2014-03-01,207.0,181.7,300.0
2014-04-01,208.3,183.3,301.1
2014-05-01,208.0,186.8,300.5
2014-06-01,208.3,189.5,298.2
2014-07-01,208.0,188.6,300.2
2014-08-01,207.0,185.7,302.8
2014-09-01,206.4,184.4,305.0
2014-10-01,203.4,178.5,307.1
2014-11-01,200.9,183.9,303.2
2014-12-01,197.0,179.6,295.7
2015-01-01,192.0,178.9,285.4
2015-02-01,191.1,184.3,280.8
2015-03-01,191.5,184.2,274.0
2015-04-01,190.9,183.4,273.2
2015-05-01,193.4,182.8,274.1
2015-06-01,194.8,182.1,275.6
2015-07-01,193.9,183.3,273.8
2015-08-01,191.9,182.7,270.7
2015-09-01,189.1,181.5,264.5
2015-10-01,187.5,179.9,261.4
2015-11-01,185.7,178.4,260.2
2015-12-01,183.5,177.4,261.2
2016-01-01,182.6,175.3,256.7
2016-02-01,181.3,174.7,255.4
2016-03-01,182.1,174.3,254.3
2016-04-01,183.2,174.9,254.0
2016-05-01,185.3,170.6,257.2
2016-06-01,187.6,168.4,260.1
2016-07-01,187.7,169.8,259.9
2016-08-01,186.6,171.7,259.5
2016-09-01,186.9,170.5,260.7
2016-10-01,186.7,170.5,263.3
2016-11-01,186.3,168.1,262.2
2016-12-01,188.2,169.9,258.1
2017-01-01,190.7,169.7,260.1
2017-02-01,191.6,167.4,265.1
2017-03-01,191.5,169.7,269.2
2017-04-01,193.0,171.9,273.8
2017-05-01,192.8,172.9,274.1
2017-06-01,193.6,177.2,272.9
2017-07-01,193.5,179.1,270.3
2017-08-01,193.8,184.3,269.9
2017-09-01,194.8,187.4,272.6
2017-10-01,194.9,188.0,277.2
2017-11-01,195.9,188.9,278.8
2017-12-01,196.3,195.6,280.3
2018-01-01,197.9,201.4,275.1
2018-02-01,199.3,206.6,278.0
2018-03-01,199.3,212.1,282.7
2018-04-01,200.3,215.9,280.7
2018-05-01,203.2,216.6,285.1
2018-06-01,204.2,217.1,288.0
2018-07-01,204.3,219.0,289.0
2018-08-01,203.4,220.0,292.6
2018-09-01,203.6,221.3,290.4
2018-10-01,204.6,218.2,291.4
2018-11-01,202.3,221.0,286.8
2018-12-01,201.0,222.3,282.2
2019-01-01,199.1,211.7,276.5
2019-02-01,199.2,209.7,275.8
2019-03-01,200.8,192.4,273.9
2019-04-01,202.1,189.7,273.9
2019-05-01,201.7,195.4,275.7
2019-06-01,200.3,185.7,273.2
2019-07-01,200.7,176.6,272.7
2019-08-01,199.2,162.3,273.1
2019-09-01,198.4,146.6,273.3
2019-10-01,198.6,140.1,273.8
2019-11-01,199.0,137.4,271.2
2019-12-01,199.0,140.3,266.1
2020-01-01,199.3,139.2,265.7
2020-02-01,196.7,142.7,269.6
2020-03-01,193.1,137.4,268.6
2020-04-01,185.5,141.1,255.8
2020-05-01,188.6,144.6,249.0
2020-06-01,191.2,145.9,251.1
2020-07-01,193.0,145.5,254.5
2020-08-01,194.3,139.9,261.2
2020-09-01,195.5,139.1,262.3
2020-10-01,196.5,139.8,272.2
2020-11-01,198.3,142.0,273.6
2020-12-01,200.5,142.5,279.1
2021-01-01,204.8,143.8,287.5
2021-02-01,210.6,156.0,300.4
2021-03-01,215.0,167.2,326.7
2021-04-01,217.9,189.2,342.8
2021-05-01,224.9,196.8,350.3
2021-06-01,228.9,203.6,362.9
2021-07-01,231.85,207.506,371.402
2021-08-01,233.415,211.209,376.96
2021-09-01,235.678,210.931,377.061
2021-10-01,240.465,210.811,379.449
2021-11-01,243.287,207.439,375.398
2021-12-01,241.338,212.777,367.883
2022-01-01,246.453,212.003,357.296
2022-02-01,252.66,213.299,357.647
2022-03-01,260.014,214.692,357.628
2022-04-01,265.31,217.229,370.66
2022-05-01,273.251,221.341,377.211
2022-06-01,280.251,243.575,380.764
2022-07-01,272.274,236.704,373.717
2022-08-01,269.546,254.138,362.99
2022-09-01,267.898,254.218,361.292
2022-10-01,265.061,252.599,353.335
2022-11-01,263.157,264.353,337.078
2022-12-01,257.897,258.453,333.108
2023-01-01,260.227,268.947,327.564
2023-02-01,258.669,255.659,334.96
2023-03-01,257.062,254.684,338.133
2023-04-01,256.908,237.568,344.749
2023-05-01,253.67,224.401,340.782
2023-06-01,253.86,203.2,334.366
2023-07-01,253.835,204.108,322.48
2023-08-01,257.68,199.121,318.412
2023-09-01,258.934,190.761,317.718
2023-10-01,255.192,196.091,318.102
2023-11-01,252.856,199.526,318.798
2023-12-01,249.866,205.776,317.748
2024-01-01,251.306,209.264,314.049
